Organization,IP,Programme,Donor,Crisis,Status,BeneficiaryType,RuralUrban,Modality,RegionMap,DistrictMap,Location,StartMonth,EndMonth,EndYear,LastUpdated,PIN,Target,PCM,CRFM,ReportYear,ProgrammeCategory,Id,Individuals,Households,Men,Women,Boys,Girls
ACTED,ACTED,EMERGENCY SHELTER,OFDA,Drought,Completed,NIDP,Urban,In-Kind,Bay,Baidoa,Biyoley,30/09/2019,31/03/2020,2020,30/04/2020,2200000,1400000,Yes,Yes,2020,479,SHELTER,180,30,27,36,54,54
ACTED,ACTED,EMERGENCY SHELTER,OFDA,Drought,Completed,NIDP,Urban,In-Kind,Bay,Baidoa,Biyoley,30/09/2019,29/02/2020,2020,30/04/2020,2200000,1400000,No,Yes,2020,480,SHELTER,180,30,27,36,54,54
ACTED,ACTED,EMERGENCY SHELTER,OFDA,Drought,Completed,NIDP,Urban,In-Kind,Bay,Baidoa,Dugsilow,30/09/2019,31/03/2020,2020,30/04/2020,2200000,1400000,Yes,Yes,2020,486,SHELTER,180,30,27,36,54,54
ACTED,ACTED,EMERGENCY SHELTER,OFDA,Drought,Completed,NIDP,Urban,In-Kind,Bay,Baidoa,Dugsilow,30/09/2019,29/02/2020,2020,30/04/2020,2200000,1400000,No,Yes,2020,484,SHELTER,180,30,27,36,54,54
ACTED,ACTED,EMERGENCY SHELTER,OFDA,Drought,Completed,NIDP,Urban,In-Kind,Bay,Baidoa,Hareera Jiife,30/09/2019,31/03/2020,2020,30/04/2020,2200000,1400000,Yes,Yes,2020,494,SHELTER,300,50,45,60,90,90
ACTED,ACTED,EMERGENCY SHELTER,OFDA,Drought,Completed,NIDP,Urban,In-Kind,Bay,Baidoa,Hareera Jiife,30/09/2019,29/02/2020,2020,30/04/2020,2200000,1400000,No,Yes,2020,495,SHELTER,300,50,45,60,90,90
ACTED,ACTED,EMERGENCY SHELTER,OFDA,Drought,Completed,NIDP,Urban,In-Kind,Bay,Baidoa,Oomane,30/09/2019,31/03/2020,2020,30/04/2020,2200000,1400000,Yes,Yes,2020,513,SHELTER,240,40,36,48,72,72
ACTED,ACTED,EMERGENCY SHELTER,OFDA,Drought,Completed,NIDP,Urban,In-Kind,Bay,Baidoa,Oomane,30/09/2019,29/02/2020,2020,30/04/2020,2200000,1400000,No,Yes,2020,471,SHELTER,240,40,36,48,72,72
ACTED,ACTED,EMERGENCY SHELTER,OFDA,Drought,Completed,NIDP,Urban,In-Kind,Bay,Baidoa,Abal 3,30/09/2019,31/03/2020,2020,30/04/2020,2200000,1400000,Yes,Yes,2020,464,SHELTER,240,40,36,48,72,72
ACTED,ACTED,EMERGENCY SHELTER,OFDA,Drought,Completed,NIDP,Urban,In-Kind,Bay,Baidoa,Abal 3,30/09/2019,29/02/2020,2020,30/04/2020,2200000,1400000,No,Yes,2020,466,SHELTER,240,40,36,48,72,72
ACTED,ACTED,EMERGENCY SHELTER,OFDA,Drought,Completed,NIDP,Urban,In-Kind,Bay,Baidoa,Mogar Arow,30/09/2019,31/03/2020,2020,30/04/2020,2200000,1400000,Yes,Yes,2020,511,SHELTER,180,30,27,36,54,54
ACTED,ACTED,EMERGENCY SHELTER,OFDA,Drought,Completed,NIDP,Urban,In-Kind,Bay,Baidoa,Mogar Arow,30/09/2019,29/02/2020,2020,30/04/2020,2200000,1400000,No,Yes,2020,470,SHELTER,180,30,27,36,54,54
ACTED,ACTED,EMERGENCY SHELTER,OFDA,Drought,Completed,NIDP,Urban,In-Kind,Bay,Baidoa,Saydheelow,30/09/2019,31/03/2020,2020,30/04/2020,2200000,1400000,Yes,Yes,2020,515,SHELTER,120,20,18,25,36,36
ACTED,ACTED,EMERGENCY SHELTER,OFDA,Drought,Completed,NIDP,Urban,In-Kind,Bay,Baidoa,Saydheelow,30/09/2019,29/02/2020,2020,30/04/2020,2200000,1400000,No,Yes,2020,516,SHELTER,120,20,18,25,36,36
ACTED,ACTED,EMERGENCY SHELTER,OFDA,Drought,Completed,NIDP,Urban,In-Kind,Bay,Baidoa,Waberi 2,30/09/2019,31/03/2020,2020,30/04/2020,2200000,1400000,Yes,Yes,2020,523,SHELTER,240,40,36,48,72,72
ACTED,ACTED,EMERGENCY SHELTER,OFDA,Drought,Completed,NIDP,Urban,In-Kind,Bay,Baidoa,Waberi 2,30/09/2019,31/03/2020,2020,30/04/2020,2200000,1400000,Yes,Yes,2020,524,SHELTER,180,30,27,36,54,54
ACTED,ACTED,EMERGENCY SHELTER,OFDA,Drought,Completed,NIDP,Urban,In-Kind,Bay,Baidoa,Waberi 2,30/09/2019,29/02/2020,2020,30/04/2020,2200000,1400000,No,Yes,2020,472,SHELTER,240,40,36,48,72,72
ACTED,ACTED,EMERGENCY SHELTER,OFDA,Drought,Completed,NIDP,Urban,In-Kind,Bay,Baidoa,Faturahman,30/09/2019,31/03/2020,2020,30/04/2020,2200000,1400000,Yes,Yes,2020,489,SHELTER,360,60,54,72,108,108
ACTED,ACTED,EMERGENCY SHELTER,OFDA,Drought,Completed,NIDP,Urban,In-Kind,Bay,Baidoa,Faturahman,30/09/2019,29/02/2020,2020,30/04/2020,2200000,1400000,No,Yes,2020,468,SHELTER,360,60,54,72,108,108
ACTED,ACTED,EMERGENCY SHELTER,OFDA,Drought,Completed,NIDP,Urban,In-Kind,Bay,Baidoa,Arshaan,30/09/2019,31/03/2020,2020,30/04/2020,2200000,1400000,Yes,Yes,2020,465,SHELTER,240,40,36,48,72,72
ACTED,ACTED,EMERGENCY SHELTER,OFDA,Drought,Completed,NIDP,Urban,In-Kind,Bay,Baidoa,Arshaan,30/09/2019,29/02/2020,2020,30/04/2020,2200000,1400000,No,Yes,2020,467,SHELTER,240,40,36,48,72,72
ACTED,ACTED,EMERGENCY SHELTER,OFDA,Drought,Completed,NIDP,Urban,In-Kind,Bay,Baidoa,Jubada Dhaxe,30/09/2019,31/03/2020,2020,30/04/2020,2200000,1400000,Yes,Yes,2020,500,SHELTER,300,50,45,60,90,90
ACTED,ACTED,EMERGENCY SHELTER,OFDA,Drought,Completed,NIDP,Urban,In-Kind,Bay,Baidoa,Jubada Dhaxe,30/09/2019,29/02/2020,2020,30/04/2020,2200000,1400000,No,Yes,2020,469,SHELTER,300,50,45,60,90,90
ACTED,ACTED,EMERGENCY SHELTER,OFDA,Protracted,Completed,PIDP,Rural,In-Kind,Sanaag,Laasqoray,Gebidher,30/09/2019,31/03/2020,2020,30/04/2020,2200000,1400000,Yes,Yes,2020,551,SHELTER,120,20,24,24,35,35
ACTED,ACTED,EMERGENCY SHELTER,OFDA,Protracted,Completed,PIDP,Rural,In-Kind,Sanaag,Laasqoray,Gebidher,30/09/2019,31/03/2020,2020,30/04/2020,2200000,1400000,Yes,Yes,2020,552,SHELTER,120,20,24,24,35,35
ACTED,ACTED,EMERGENCY SHELTER,OFDA,Protracted,Completed,PIDP,Rural,In-Kind,Sanaag,Laasqoray,Gumar,30/09/2019,31/03/2020,2020,30/04/2020,2200000,1400000,Yes,Yes,2020,554,SHELTER,324,54,64,66,95,95
ACTED,ACTED,EMERGENCY SHELTER,OFDA,Protracted,Completed,PIDP,Rural,In-Kind,Sanaag,Laasqoray,Gumar,30/09/2019,31/03/2020,2020,30/04/2020,2200000,1400000,Yes,Yes,2020,555,SHELTER,324,54,64,66,95,95
ACTED,ACTED,EMERGENCY SHELTER,OFDA,Protracted,Completed,PIDP,Rural,In-Kind,Sanaag,Laasqoray,Eilahelay,30/09/2019,31/03/2020,2020,30/04/2020,2200000,1400000,Yes,Yes,2020,548,SHELTER,30,5,6,6,9,9
ACTED,ACTED,EMERGENCY SHELTER,OFDA,Protracted,Completed,PIDP,Urban,In-Kind,Sanaag,Laasqoray,Bilcil,30/09/2019,31/03/2020,2020,30/04/2020,2200000,1400000,Yes,Yes,2020,543,SHELTER,108,18,21,22,32,32
ACTED,ACTED,EMERGENCY SHELTER,OFDA,Protracted,Completed,PIDP,Urban,In-Kind,Sanaag,Laasqoray,Bilcil,30/09/2019,31/03/2020,2020,30/04/2020,2200000,1400000,Yes,Yes,2020,544,SHELTER,108,18,21,22,32,32
ACTED,ACTED,EMERGENCY SHELTER,OFDA,Protracted,Completed,PIDP,Urban,In-Kind,Sanaag,Laasqoray,Dildishi,30/09/2019,31/03/2020,2020,30/04/2020,2200000,1400000,Yes,Yes,2020,546,SHELTER,90,15,19,19,26,26
ACTED,ACTED,EMERGENCY SHELTER,OFDA,Protracted,Completed,PIDP,Urban,In-Kind,Sanaag,Laasqoray,Dildishi,30/09/2019,31/03/2020,2020,30/04/2020,2200000,1400000,Yes,Yes,2020,564,SHELTER,90,15,19,19,26,26
ACTED,ACTED,EMERGENCY SHELTER,OFDA,Protracted,Completed,PIDP,Urban,In-Kind,Sanaag,Laasqoray,Carshe,30/09/2019,31/03/2020,2020,30/04/2020,2200000,1400000,Yes,Yes,2020,545,SHELTER,72,12,14,15,21,21
ACTED,ACTED,EMERGENCY SHELTER,OFDA,Protracted,Completed,PIDP,Urban,In-Kind,Sanaag,Laasqoray,Carshe,30/09/2019,31/03/2020,2020,30/04/2020,2200000,1400000,Yes,Yes,2020,562,SHELTER,72,12,14,15,21,21
ACTED,ACTED,EMERGENCY SHELTER,OFDA,Protracted,Completed,PIDP,Urban,In-Kind,Sanaag,Laasqoray,Hadhkadhere,30/09/2019,31/03/2020,2020,30/04/2020,2200000,1400000,Yes,Yes,2020,557,SHELTER,96,16,20,20,28,28
ACTED,ACTED,EMERGENCY SHELTER,OFDA,Protracted,Completed,PIDP,Urban,In-Kind,Sanaag,Laasqoray,Hadhkadhere,30/09/2019,31/03/2020,2020,30/04/2020,2200000,1400000,Yes,Yes,2020,565,SHELTER,96,16,20,20,28,28
ACTED,ACTED,EMERGENCY SHELTER,OFDA,Protracted,Completed,PIDP,Urban,In-Kind,Sanaag,Laasqoray,Eilahelay,30/09/2019,31/03/2020,2020,30/04/2020,2200000,1400000,Yes,Yes,2020,549,SHELTER,30,5,6,6,9,9
ACTED,ACTED,EMERGENCY SHELTER,OFDA,Protracted,Completed,PIDP,Urban,In-Kind,Sanaag,Ceel Afweyn,Galcidle,30/09/2019,30/04/2020,2020,30/04/2020,2200000,1400000,Yes,Yes,2020,541,SHELTER,360,60,71,73,106,106
ACTED,ACTED,EMERGENCY SHELTER,OFDA,Protracted,Completed,PIDP,Urban,In-Kind,Sanaag,Ceel Afweyn,Galcidle,30/09/2019,30/04/2020,2020,30/04/2020,2200000,1400000,Yes,Yes,2020,542,SHELTER,360,60,71,73,106,106
ACTED,ACTED,EMERGENCY SHELTER,SHF,Drought,Completed,NIDP,Urban,In-Kind,Sanaag,Ceerigaabo,N/A,31/05/2019,31/05/2019,2019,30/04/2020,2300000,1600000,Unk,Unk,2019,2,SHELTER,1800,300,375,363,537,537
ACTED,ACTED,NFI KITS,OFDA,Drought,Completed,HOST,Urban,Cash,Sanaag,Laasqoray,N/A,28/02/2019,31/07/2019,2019,30/04/2020,2300000,1600000,Unk,Unk,2019,30,NFI,2100,350,437,424,626,626
ACTED,ACTED,NFI KITS,OFDA,Drought,Completed,HOST,Urban,Cash,Sanaag,Laasqoray,N/A,28/02/2019,31/07/2019,2019,30/04/2020,2300000,1600000,Unk,Unk,2019,31,NFI,150,25,31,30,45,45
ACTED,ACTED,NFI KITS,OFDA,Drought,Completed,NIDP,Urban,In-Kind,Bay,Baidoa,Barakaley,30/09/2019,31/03/2020,2020,30/04/2020,2200000,1400000,Plannned,Yes,2020,473,NFI,300,50,45,60,90,90
ACTED,ACTED,NFI KITS,OFDA,Drought,Completed,NIDP,Urban,In-Kind,Bay,Baidoa,Barakaley,30/09/2019,31/03/2020,2020,30/04/2020,2200000,1400000,Plannned,Yes,2020,474,NFI,300,50,45,60,90,90
ACTED,ACTED,NFI KITS,OFDA,Drought,Completed,NIDP,Urban,In-Kind,Bay,Baidoa,Biyoley,30/09/2019,31/03/2020,2020,30/04/2020,2200000,1400000,Plannned,Yes,2020,478,NFI,240,40,36,48,72,72
ACTED,ACTED,NFI KITS,OFDA,Drought,Completed,NIDP,Urban,In-Kind,Bay,Baidoa,Maka dhogol 2,30/09/2019,31/03/2020,2020,30/04/2020,2200000,1400000,Plannned,Yes,2020,506,NFI,450,75,69,89,135,135
ACTED,ACTED,NFI KITS,OFDA,Drought,Completed,NIDP,Urban,In-Kind,Bay,Baidoa,Maka dhogol 2,30/09/2019,31/03/2020,2020,30/04/2020,2200000,1400000,Plannned,Yes,2020,507,NFI,450,75,69,89,135,135
ACTED,ACTED,NFI KITS,OFDA,Drought,Completed,NIDP,Urban,In-Kind,Bay,Baidoa,Shabelow Bay,30/09/2019,31/03/2020,2020,30/04/2020,2200000,1400000,Plannned,Yes,2020,517,NFI,420,70,63,84,126,126
ACTED,ACTED,NFI KITS,OFDA,Drought,Completed,NIDP,Urban,In-Kind,Bay,Baidoa,Shabelow Bay,30/09/2019,31/03/2020,2020,30/04/2020,2200000,1400000,Plannned,Yes,2020,518,NFI,420,70,63,84,126,126
ACTED,ACTED,NFI KITS,OFDA,Drought,Completed,NIDP,Urban,In-Kind,Bay,Baidoa,Barkadle,30/09/2019,31/03/2020,2020,30/04/2020,2200000,1400000,Plannned,Yes,2020,477,NFI,450,75,69,89,135,135
ACTED,ACTED,NFI KITS,OFDA,Drought,Completed,NIDP,Urban,In-Kind,Bay,Baidoa,Irriroogwiin,30/09/2019,31/03/2020,2020,30/04/2020,2200000,1400000,Plannned,Yes,2020,496,NFI,390,65,59,78,117,117
ACTED,ACTED,NFI KITS,OFDA,Drought,Completed,NIDP,Urban,In-Kind,Bay,Baidoa,Irriroogwiin,30/09/2019,31/03/2020,2020,30/04/2020,2200000,1400000,Plannned,Yes,2020,497,NFI,390,65,59,78,117,117
ACTED,ACTED,NFI KITS,OFDA,Drought,Completed,NIDP,Urban,In-Kind,Bay,Baidoa,Iskari,30/09/2019,31/03/2020,2020,30/04/2020,2200000,1400000,Plannned,Yes,2020,498,NFI,270,45,41,54,81,81
ACTED,ACTED,NFI KITS,OFDA,Drought,Completed,NIDP,Urban,In-Kind,Bay,Baidoa,Iskari,30/09/2019,31/03/2020,2020,30/04/2020,2200000,1400000,Plannned,Yes,2020,499,NFI,270,45,41,54,81,81
ACTED,ACTED,NFI KITS,OFDA,Drought,Completed,NIDP,Urban,In-Kind,Bay,Baidoa,War Harqan,30/09/2019,31/03/2020,2020,30/04/2020,2200000,1400000,Plannned,Yes,2020,527,NFI,450,75,69,89,135,135
ACTED,ACTED,NFI KITS,OFDA,Drought,Completed,NIDP,Urban,In-Kind,Bay,Baidoa,Dolandoole 3,30/09/2019,31/03/2020,2020,30/04/2020,2200000,1400000,Plannned,Yes,2020,481,NFI,360,60,54,72,108,108
ACTED,ACTED,NFI KITS,OFDA,Drought,Completed,NIDP,Urban,In-Kind,Bay,Baidoa,Dolandoole 3,30/09/2019,31/03/2020,2020,30/04/2020,2200000,1400000,Plannned,Yes,2020,482,NFI,360,60,54,72,108,108
ACTED,ACTED,NFI KITS,OFDA,Drought,Completed,NIDP,Urban,In-Kind,Bay,Baidoa,Kormari/Humow Bay,30/09/2019,31/03/2020,2020,30/04/2020,2200000,1400000,Plannned,Yes,2020,504,NFI,240,40,36,48,72,72
ACTED,ACTED,NFI KITS,OFDA,Drought,Completed,NIDP,Urban,In-Kind,Bay,Baidoa,Kormari/Humow Bay,30/09/2019,31/03/2020,2020,30/04/2020,2200000,1400000,Plannned,Yes,2020,505,NFI,240,40,36,48,72,72
ACTED,ACTED,NFI KITS,OFDA,Drought,Completed,NIDP,Urban,In-Kind,Bay,Baidoa,Nebsoy,30/09/2019,31/03/2020,2020,30/04/2020,2200000,1400000,Plannned,Yes,2020,512,NFI,360,60,54,72,108,108
ACTED,ACTED,NFI KITS,OFDA,Drought,Completed,NIDP,Urban,In-Kind,Bay,Baidoa,Kalkaal,30/09/2019,31/03/2020,2020,30/04/2020,2200000,1400000,Plannned,Yes,2020,503,NFI,330,55,50,66,99,99
ACTED,ACTED,NFI KITS,OFDA,Drought,Completed,NIDP,Urban,In-Kind,Bay,Baidoa,Mitaano Ween,30/09/2019,31/03/2020,2020,30/04/2020,2200000,1400000,Plannned,Yes,2020,510,NFI,480,80,72,96,144,144
ACTED,ACTED,NFI KITS,OFDA,Drought,Completed,NIDP,Urban,In-Kind,Bay,Baidoa,Garas goof,30/09/2019,31/03/2020,2020,30/04/2020,2200000,1400000,Plannned,Yes,2020,490,NFI,420,70,63,84,126,126
ACTED,ACTED,NFI KITS,OFDA,Drought,Completed,NIDP,Urban,In-Kind,Bay,Baidoa,Garas goof,30/09/2019,31/03/2020,2020,30/04/2020,2200000,1400000,Plannned,Yes,2020,491,NFI,420,70,63,84,126,126
ACTED,ACTED,NFI KITS,OFDA,Drought,Completed,NIDP,Urban,In-Kind,Bay,Baidoa,Walaq 1,30/09/2019,31/03/2020,2020,30/04/2020,2200000,1400000,Plannned,Yes,2020,525,NFI,180,30,27,36,54,54
ACTED,ACTED,NFI KITS,OFDA,Drought,Completed,NIDP,Urban,In-Kind,Bay,Baidoa,Walaq 1,30/09/2019,31/03/2020,2020,30/04/2020,2200000,1400000,Plannned,Yes,2020,526,NFI,180,30,27,36,54,54
ACTED,ACTED,NFI KITS,OFDA,Drought,Completed,NIDP,Urban,In-Kind,Bay,Baidoa,Siiga dheer 2,30/09/2019,31/03/2020,2020,30/04/2020,2200000,1400000,Plannned,Yes,2020,519,NFI,270,45,41,54,81,81
ACTED,ACTED,NFI KITS,OFDA,Drought,Completed,NIDP,Urban,In-Kind,Bay,Baidoa,Siiga dheer 2,30/09/2019,31/03/2020,2020,30/04/2020,2200000,1400000,Plannned,Yes,2020,520,NFI,270,45,41,54,81,81
ACTED,ACTED,NFI KITS,OFDA,Drought,Completed,NIDP,Urban,In-Kind,Bay,Baidoa,Doodey,30/09/2019,31/03/2020,2020,30/04/2020,2200000,1400000,Plannned,Yes,2020,483,NFI,450,75,69,89,135,135
ACTED,ACTED,NFI KITS,OFDA,Drought,Completed,NIDP,Urban,In-Kind,Bay,Baidoa,Roobdaye,30/09/2019,31/03/2020,2020,30/04/2020,2200000,1400000,Plannned,Yes,2020,514,NFI,300,50,45,60,90,90
ACTED,ACTED,NFI KITS,OFDA,Drought,Completed,NIDP,Urban,In-Kind,Bay,Baidoa,Meegagle,30/09/2019,31/03/2020,2020,30/04/2020,2200000,1400000,Plannned,Yes,2020,508,NFI,360,60,54,72,108,108
ACTED,ACTED,NFI KITS,OFDA,Drought,Completed,NIDP,Urban,In-Kind,Bay,Baidoa,Duste,30/09/2019,31/03/2020,2020,30/04/2020,2200000,1400000,Plannned,Yes,2020,487,NFI,420,70,63,84,126,126
ACTED,ACTED,NFI KITS,OFDA,Drought,Completed,NIDP,Urban,In-Kind,Bay,Baidoa,Duste,30/09/2019,31/03/2020,2020,30/04/2020,2200000,1400000,Plannned,Yes,2020,488,NFI,420,70,63,84,126,126
ACTED,ACTED,NFI KITS,OFDA,Drought,Completed,NIDP,Urban,In-Kind,Bay,Baidoa,Halul iyo Harqan,30/09/2019,31/03/2020,2020,30/04/2020,2200000,1400000,Plannned,Yes,2020,492,NFI,420,70,63,84,126,126
ACTED,ACTED,NFI KITS,OFDA,Drought,Completed,NIDP,Urban,In-Kind,Bay,Baidoa,Barariye,30/09/2019,31/03/2020,2020,30/04/2020,2200000,1400000,Plannned,Yes,2020,475,NFI,180,30,27,36,54,54
ACTED,ACTED,NFI KITS,OFDA,Drought,Completed,NIDP,Urban,In-Kind,Bay,Baidoa,Barariye,30/09/2019,31/03/2020,2020,30/04/2020,2200000,1400000,Plannned,Yes,2020,476,NFI,180,30,27,36,54,54
ACTED,ACTED,NFI KITS,OFDA,Drought,Completed,NIDP,Urban,In-Kind,Bay,Baidoa,Kalamey,30/09/2019,31/03/2020,2020,30/04/2020,2200000,1400000,Plannned,Yes,2020,501,NFI,240,40,36,48,72,72
ACTED,ACTED,NFI KITS,OFDA,Drought,Completed,NIDP,Urban,In-Kind,Bay,Baidoa,Kalamey,30/09/2019,31/03/2020,2020,30/04/2020,2200000,1400000,Plannned,Yes,2020,502,NFI,240,40,36,48,72,72
ACTED,ACTED,NFI KITS,OFDA,Drought,Completed,NIDP,Urban,In-Kind,Bay,Baidoa,Tawakal 2 Dinsor,30/09/2019,31/03/2020,2020,30/04/2020,2200000,1400000,Plannned,Yes,2020,521,NFI,300,50,45,60,90,90
ACTED,ACTED,NFI KITS,OFDA,Drought,Completed,NIDP,Urban,In-Kind,Bay,Baidoa,Tawakal 2 Dinsor,30/09/2019,31/03/2020,2020,30/04/2020,2200000,1400000,Plannned,Yes,2020,522,NFI,300,50,45,60,90,90
ACTED,ACTED,NFI KITS,OFDA,Drought,Completed,NIDP,Urban,In-Kind,Bay,Baidoa,Dugsilow,30/09/2019,31/03/2020,2020,30/04/2020,2200000,1400000,Plannned,Yes,2020,485,NFI,360,60,54,72,108,108
ACTED,ACTED,NFI KITS,OFDA,Drought,Completed,NIDP,Urban,In-Kind,Bay,Baidoa,Hareera Jiife,30/09/2019,31/03/2020,2020,30/04/2020,2200000,1400000,Plannned,Yes,2020,493,NFI,360,60,54,72,108,108
ACTED,ACTED,NFI KITS,OFDA,Protracted,Completed,PIDP,Rural,In-Kind,Sanaag,Laasqoray,Gebidher,30/09/2019,31/03/2020,2020,30/04/2020,2200000,1400000,Yes,Yes,2020,550,NFI,600,100,118,122,176,176
ACTED,ACTED,NFI KITS,OFDA,Protracted,Completed,PIDP,Rural,In-Kind,Sanaag,Laasqoray,Gumar,30/09/2019,31/03/2020,2020,30/04/2020,2200000,1400000,Yes,Yes,2020,553,NFI,1620,270,318,330,476,476
ACTED,ACTED,NFI KITS,OFDA,Protracted,Completed,PIDP,Rural,In-Kind,Sanaag,Laasqoray,Eilahelay,30/09/2019,31/03/2020,2020,30/04/2020,2200000,1400000,Yes,Yes,2020,547,NFI,150,25,29,31,44,44
ACTED,ACTED,NFI KITS,OFDA,Protracted,Completed,PIDP,Urban,Cash,Bay,Baidoa,N/A,28/02/2019,30/06/2019,2019,30/04/2020,2300000,1600000,Unk,Unk,2019,5,NFI,360,60,61,64,132,132
ACTED,ACTED,NFI KITS,OFDA,Protracted,Completed,PIDP,Urban,Cash,Bay,Baidoa,N/A,28/02/2019,30/06/2019,2019,30/04/2020,2300000,1600000,Unk,Unk,2019,6,NFI,600,100,102,106,220,220
ACTED,ACTED,NFI KITS,OFDA,Protracted,Completed,PIDP,Urban,Cash,Bay,Baidoa,N/A,28/02/2019,30/06/2019,2019,30/04/2020,2300000,1600000,Unk,Unk,2019,7,NFI,300,50,51,53,110,110
ACTED,ACTED,NFI KITS,OFDA,Protracted,Completed,PIDP,Urban,Cash,Bay,Baidoa,N/A,28/02/2019,30/06/2019,2019,30/04/2020,2300000,1600000,Unk,Unk,2019,8,NFI,420,70,72,74,154,154
ACTED,ACTED,NFI KITS,OFDA,Protracted,Completed,PIDP,Urban,Cash,Bay,Baidoa,N/A,28/02/2019,30/06/2019,2019,30/04/2020,2300000,1600000,Unk,Unk,2019,9,NFI,180,30,31,32,66,66
ACTED,ACTED,NFI KITS,OFDA,Protracted,Completed,PIDP,Urban,Cash,Bay,Baidoa,N/A,28/02/2019,30/06/2019,2019,30/04/2020,2300000,1600000,Unk,Unk,2019,10,NFI,360,60,61,64,132,132
ACTED,ACTED,NFI KITS,OFDA,Protracted,Completed,PIDP,Urban,Cash,Bay,Baidoa,N/A,28/02/2019,30/06/2019,2019,30/04/2020,2300000,1600000,Unk,Unk,2019,11,NFI,420,70,72,74,154,154
ACTED,ACTED,NFI KITS,OFDA,Protracted,Completed,PIDP,Urban,Cash,Bay,Baidoa,N/A,28/02/2019,30/06/2019,2019,30/04/2020,2300000,1600000,Unk,Unk,2019,12,NFI,300,50,51,53,110,110
ACTED,ACTED,NFI KITS,OFDA,Protracted,Completed,PIDP,Urban,Cash,Bay,Baidoa,N/A,28/02/2019,30/06/2019,2019,30/04/2020,2300000,1600000,Unk,Unk,2019,13,NFI,474,79,81,84,174,174
ACTED,ACTED,NFI KITS,OFDA,Protracted,Completed,PIDP,Urban,Cash,Bay,Baidoa,N/A,28/02/2019,30/06/2019,2019,30/04/2020,2300000,1600000,Unk,Unk,2019,14,NFI,414,69,71,73,152,152
ACTED,ACTED,NFI KITS,OFDA,Protracted,Completed,PIDP,Urban,Cash,Bay,Baidoa,N/A,28/02/2019,30/06/2019,2019,30/04/2020,2300000,1600000,Unk,Unk,2019,15,NFI,420,70,72,74,154,154
ACTED,ACTED,NFI KITS,OFDA,Protracted,Completed,PIDP,Urban,Cash,Bay,Baidoa,N/A,28/02/2019,30/06/2019,2019,30/04/2020,2300000,1600000,Unk,Unk,2019,16,NFI,366,61,62,65,134,134
ACTED,ACTED,NFI KITS,OFDA,Protracted,Completed,PIDP,Urban,Cash,Bay,Baidoa,N/A,28/02/2019,30/06/2019,2019,30/04/2020,2300000,1600000,Unk,Unk,2019,17,NFI,600,100,102,106,220,220
ACTED,ACTED,NFI KITS,OFDA,Protracted,Completed,PIDP,Urban,Cash,Bay,Baidoa,N/A,28/02/2019,30/06/2019,2019,30/04/2020,2300000,1600000,Unk,Unk,2019,18,NFI,270,45,46,48,99,99
ACTED,ACTED,NFI KITS,OFDA,Protracted,Completed,PIDP,Urban,Cash,Bay,Baidoa,N/A,28/02/2019,30/06/2019,2019,30/04/2020,2300000,1600000,Unk,Unk,2019,19,NFI,396,66,68,70,145,145
ACTED,ACTED,NFI KITS,OFDA,Protracted,Completed,PIDP,Urban,Cash,Bay,Baidoa,N/A,28/02/2019,30/06/2019,2019,30/04/2020,2300000,1600000,Unk,Unk,2019,20,NFI,480,80,82,85,176,176
ACTED,ACTED,NFI KITS,OFDA,Protracted,Completed,PIDP,Urban,Cash,Bay,Baidoa,N/A,28/02/2019,30/06/2019,2019,30/04/2020,2300000,1600000,Unk,Unk,2019,21,NFI,180,30,31,32,66,66
ACTED,ACTED,NFI KITS,OFDA,Protracted,Completed,PIDP,Urban,Cash,Bay,Baidoa,N/A,28/02/2019,30/06/2019,2019,30/04/2020,2300000,1600000,Unk,Unk,2019,22,NFI,180,30,31,32,66,66
ACTED,ACTED,NFI KITS,OFDA,Protracted,Completed,PIDP,Urban,Cash,Bay,Baidoa,N/A,28/02/2019,30/06/2019,2019,30/04/2020,2300000,1600000,Unk,Unk,2019,23,NFI,276,46,47,49,101,101
ACTED,ACTED,NFI KITS,OFDA,Protracted,Completed,PIDP,Urban,Cash,Bay,Baidoa,N/A,28/02/2019,30/06/2019,2019,30/04/2020,2300000,1600000,Unk,Unk,2019,24,NFI,360,60,61,64,132,132
ACTED,ACTED,NFI KITS,OFDA,Protracted,Completed,PIDP,Urban,Cash,Bay,Baidoa,N/A,28/02/2019,30/06/2019,2019,30/04/2020,2300000,1600000,Unk,Unk,2019,25,NFI,306,51,52,54,112,112
ACTED,ACTED,NFI KITS,OFDA,Protracted,Completed,PIDP,Urban,Cash,Bay,Baidoa,N/A,28/02/2019,30/06/2019,2019,30/04/2020,2300000,1600000,Unk,Unk,2019,26,NFI,420,70,72,74,154,154
ACTED,ACTED,NFI KITS,OFDA,Protracted,Completed,PIDP,Urban,Cash,Bay,Baidoa,N/A,28/02/2019,30/06/2019,2019,30/04/2020,2300000,1600000,Unk,Unk,2019,27,NFI,300,50,51,53,110,110
ACTED,ACTED,NFI KITS,OFDA,Protracted,Completed,PIDP,Urban,Cash,Bay,Baidoa,N/A,28/02/2019,30/06/2019,2019,30/04/2020,2300000,1600000,Unk,Unk,2019,28,NFI,258,43,44,46,95,95
ACTED,ACTED,NFI KITS,OFDA,Protracted,Completed,PIDP,Urban,Cash,Bay,Baidoa,N/A,28/02/2019,30/06/2019,2019,30/04/2020,2300000,1600000,Unk,Unk,2019,29,NFI,360,60,61,64,132,132
ACTED,ACTED,NFI KITS,OFDA,Protracted,Completed,PIDP,Urban,In-Kind,Sanaag,Laasqoray,Bilcil,30/09/2019,31/03/2020,2020,30/04/2020,2200000,1400000,Yes,Yes,2020,558,NFI,600,100,118,122,176,176
ACTED,ACTED,NFI KITS,OFDA,Protracted,Completed,PIDP,Urban,In-Kind,Sanaag,Laasqoray,Dildishi,30/09/2019,31/03/2020,2020,30/04/2020,2200000,1400000,Yes,Yes,2020,563,NFI,540,90,130,135,135,135
ACTED,ACTED,NFI KITS,OFDA,Protracted,Completed,PIDP,Urban,In-Kind,Sanaag,Laasqoray,Carshe,30/09/2019,31/03/2020,2020,30/04/2020,2200000,1400000,Yes,Yes,2020,561,NFI,390,65,94,98,97,97
ACTED,ACTED,NFI KITS,OFDA,Protracted,Completed,PIDP,Urban,In-Kind,Sanaag,Laasqoray,Hadhkadhere,30/09/2019,31/03/2020,2020,30/04/2020,2200000,1400000,Yes,Yes,2020,556,NFI,600,100,118,122,176,176
ACTED,ACTED,NFI KITS,OFDA,Protracted,Completed,PIDP,Urban,In-Kind,Sanaag,Ceel Afweyn,Galcidle,30/09/2019,30/04/2020,2020,30/04/2020,2200000,1400000,Yes,Yes,2020,540,NFI,1500,250,361,375,375,375
ACTED,ACTED,NFI KITS,SHF,Drought,Completed,NIDP,Urban,In-Kind,Sanaag,Ceerigaabo,N/A,30/04/2019,31/05/2019,2019,30/04/2020,2300000,1600000,Unk,Unk,2019,110,NFI,4200,700,874,847,1252,1252
ACTED,ACTED,SHELTER REPAIR,Unknown,Flood,Completed,NIDP,Urban,In-Kind,Sanaag,Ceel Afweyn,N/A,31/12/2019,31/12/2019,2019,30/04/2020,2300000,1600000,Unk,Unk,2019,87,SHELTER,216,36,45,44,64,64
ACTED,ACTED,TRANSITIONAL SHELTER,OFDA,Drought,Completed,NIDP,Urban,In-Kind,Bay,Baidoa,N/A,30/09/2019,31/12/2019,2019,30/04/2020,2300000,1600000,Unk,Unk,2019,32,SHELTER,300,40,62,61,89,89
ACTED,ACTED,TRANSITIONAL SHELTER,OFDA,Drought,Completed,NIDP,Urban,In-Kind,Bay,Baidoa,Megaagle,30/09/2019,31/03/2020,2020,30/04/2020,2200000,1400000,Yes,Yes,2020,509,SHELTER,240,40,36,48,72,72
ACTED,ACTED,TRANSITIONAL SHELTER,OFDA,Protracted,Completed,PIDP,Urban,Cash,Sanaag,Laasqoray,Bilcil,30/09/2019,31/03/2020,2020,30/04/2020,2200000,1400000,Yes,Yes,2020,559,SHELTER,18,3,5,5,4,4
ACTED,ACTED,TRANSITIONAL SHELTER,OFDA,Protracted,Completed,PIDP,Urban,Cash,Sanaag,Laasqoray,Bilcil,30/09/2019,31/03/2020,2020,30/04/2020,2200000,1400000,Yes,Yes,2020,560,SHELTER,30,5,7,8,7,7
ACTED,ACTED,TRANSITIONAL SHELTER,OFDA,Protracted,Completed,PIDP,Urban,In-Kind,Bay,Baidoa,N/A,28/02/2019,30/06/2019,2019,30/04/2020,2300000,1600000,Unk,Unk,2019,3,SHELTER,600,100,102,106,220,220
ACTED,ACTED,TRANSITIONAL SHELTER,OFDA,Protracted,Completed,PIDP,Urban,In-Kind,Bay,Baidoa,N/A,28/02/2019,31/07/2019,2019,30/04/2020,2300000,1600000,Unk,Unk,2019,4,SHELTER,600,100,102,106,220,220
ACTED,ACTED,TRANSITIONAL SHELTER,SHF,Protracted,Completed,NIDP,Urban,In-Kind,Bay,Baidoa,N/A,30/11/2018,28/02/2019,2019,30/04/2020,2300000,1600000,Unk,Unk,2019,111,SHELTER,1008,168,172,178,370,370
ACTED,SADO,EMERGENCY SHELTER,OFDA,Protracted,Completed,PIDP,Urban,In-Kind,Lower Juba,Kismayo,Galbet,30/09/2019,31/01/2020,2020,30/04/2020,2200000,1400000,Yes,Yes,2020,533,SHELTER,3600,600,663,586,1248,1248
ACTED,SADO,EMERGENCY SHELTER,OFDA,Protracted,Completed,PIDP,Urban,In-Kind,Lower Juba,Kismayo,Galbet,30/09/2019,29/02/2020,2020,30/04/2020,2200000,1400000,Yes,Yes,2020,531,SHELTER,3600,600,663,586,1248,1248
ACTED,SADO,EMERGENCY SHELTER,OFDA,Protracted,Completed,PIDP,Urban,In-Kind,Lower Juba,Kismayo,Galbet,30/09/2019,29/02/2020,2020,30/04/2020,2200000,1400000,Yes,Yes,2020,532,SHELTER,3000,500,552,488,1040,1040
ACTED,SADO,EMERGENCY SHELTER,OFDA,Protracted,Completed,PIDP,Urban,In-Kind,Lower Juba,Kismayo,Abaqbanow,30/09/2019,31/03/2020,2020,30/04/2020,2200000,1400000,Yes,Yes,2020,539,SHELTER,3000,500,552,488,1040,1040
ACTED,SADO,EMERGENCY SHELTER,OFDA,Protracted,Completed,PIDP,Urban,In-Kind,Lower Juba,Kismayo,Bulafaturo,30/09/2019,31/03/2020,2020,30/04/2020,2200000,1400000,Yes,Yes,2020,529,SHELTER,3600,600,663,586,1248,1248
ACTED,SADO,EMERGENCY SHELTER,OFDA,Protracted,Completed,PIDP,Urban,In-Kind,Lower Juba,Kismayo,Bulabanan,30/09/2019,31/03/2020,2020,30/04/2020,2200000,1400000,Yes,Yes,2020,528,SHELTER,3600,600,663,586,1248,1248
ACTED,SADO,NFI KITS,OFDA,Protracted,Completed,PIDP,Urban,In-Kind,Lower Juba,Kismayo,Galbet,30/09/2019,31/03/2020,2020,30/04/2020,2200000,1400000,Yes,Yes,2020,538,NFI,6000,1000,1300,3200,500,500
ACTED,SADO,NFI KITS,OFDA,Protracted,Completed,PIDP,Urban,In-Kind,Lower Juba,Kismayo,Galbet,30/09/2019,29/02/2020,2020,30/04/2020,2200000,1400000,Yes,Yes,2020,534,NFI,3564,609,173,436,1001,1001
ACTED,SADO,NFI KITS,OFDA,Protracted,Completed,PIDP,Urban,In-Kind,Lower Juba,Kismayo,Galbet,30/09/2019,29/02/2020,2020,30/04/2020,2200000,1400000,Yes,Yes,2020,535,NFI,876,146,17,126,320,320
ACTED,SADO,NFI KITS,OFDA,Protracted,Completed,PIDP,Urban,In-Kind,Lower Juba,Kismayo,Galbet,30/09/2019,29/02/2020,2020,30/04/2020,2200000,1400000,Yes,Yes,2020,536,NFI,816,136,16,120,200,200
ACTED,SADO,NFI KITS,OFDA,Protracted,Completed,PIDP,Urban,In-Kind,Lower Juba,Kismayo,Galbet,30/09/2019,29/02/2020,2020,30/04/2020,2200000,1400000,Yes,Yes,2020,537,NFI,654,109,18,91,82,82
ACTED,SADO,TRANSITIONAL SHELTER,OFDA,Protracted,Completed,PIDP,Urban,In-Kind,Lower Juba,Kismayo,N/A,31/03/2019,31/07/2019,2019,30/04/2020,2300000,1600000,Unk,Unk,2019,55,SHELTER,24,4,4,6,6,6
ACTED,SADO,TRANSITIONAL SHELTER,OFDA,Protracted,Completed,PIDP,Urban,In-Kind,Lower Juba,Kismayo,N/A,31/03/2019,31/07/2019,2019,30/04/2020,2300000,1600000,Unk,Unk,2019,56,SHELTER,24,4,4,7,7,7
ACTED,SADO,TRANSITIONAL SHELTER,OFDA,Protracted,Completed,PIDP,Urban,In-Kind,Lower Juba,Kismayo,N/A,31/03/2019,31/07/2019,2019,30/04/2020,2300000,1600000,Unk,Unk,2019,57,SHELTER,24,4,5,3,6,6
ACTED,SADO,TRANSITIONAL SHELTER,OFDA,Protracted,Completed,PIDP,Urban,In-Kind,Lower Juba,Kismayo,N/A,31/03/2019,31/07/2019,2019,30/04/2020,2300000,1600000,Unk,Unk,2019,58,SHELTER,24,4,4,5,8,8
ACTED,SADO,TRANSITIONAL SHELTER,OFDA,Protracted,Completed,PIDP,Urban,In-Kind,Lower Juba,Kismayo,N/A,31/03/2019,31/07/2019,2019,30/04/2020,2300000,1600000,Unk,Unk,2019,59,SHELTER,24,4,5,6,7,7
ACTED,SADO,DURABLE SHELTER,OFDA,Protracted,Planned,PIDP,Urban,In-Kind,Lower Juba,Kismayo,Galbet,30/09/2019,31/08/2020,2020,30/04/2020,2200000,1400000,Unk,Yes,2020,530,SHELTER,108,18,13,44,12,12
AVORD,AVORD,EMERGENCY SHELTER,SHF,Conflict/Insecurity,Completed,NIDP,Urban,In-Kind,Bakool,Ceel Barde,N/A,31/05/2019,31/08/2019,2019,30/04/2020,2300000,1600000,Unk,Unk,2019,243,SHELTER,600,100,180,240,90,90
AVORD,AVORD,EMERGENCY SHELTER,SHF,Conflict/Insecurity,Completed,NIDP,Urban,In-Kind,Bakool,Xudur,N/A,31/05/2019,30/09/2019,2019,30/04/2020,2300000,1600000,Unk,Unk,2019,242,SHELTER,600,100,180,240,90,90
AVORD,AVORD,EMERGENCY SHELTER,SHF,Conflict/Insecurity,Completed,NIDP,Urban,In-Kind,Bay,Baidoa,N/A,31/12/2018,31/03/2019,2019,30/04/2020,2300000,1600000,Unk,Unk,2019,257,SHELTER,1320,220,396,528,198,198
AVORD,AVORD,EMERGENCY SHELTER,SHF,Conflict/Insecurity,Completed,NIDP,Urban,In-Kind,Middle Shabelle,Jowhar,N/A,31/12/2018,28/02/2019,2019,30/04/2020,2300000,1600000,Unk,Unk,2019,255,SHELTER,600,100,180,240,90,90
AVORD,AVORD,EMERGENCY SHELTER,SHF,Conflict/Insecurity,Completed,PIDP,Urban,In-Kind,Lower Shabelle,Afgooye,N/A,31/08/2019,31/01/2020,2020,30/04/2020,2200000,1400000,Unk,Unk,2020,573,SHELTER,780,130,142,117,285,285
AVORD,AVORD,EMERGENCY SHELTER,SHF,Flood,Completed,PIDP,Urban,In-Kind,Hiraan,Belet Weyne,N/A,30/11/2019,29/02/2020,2020,30/04/2020,2200000,1400000,Unk,Unk,2020,572,SHELTER,900,150,135,135,316,316
AVORD,AVORD,EMERGENCY SHELTER,SHF,Flood,Ongoing,PIDP,Urban,In-Kind,Middle Shabelle,Jowhar,N/A,30/11/2019,30/06/2020,2020,30/04/2020,2200000,1400000,Unk,Unk,2020,577,SHELTER,900,150,184,167,287,287
AVORD,AVORD,EMERGENCY SHELTER,SHF,Protracted,Planned,PIDP,Urban,In-Kind,Bakool,Xudur,N/A,31/05/2020,30/04/2021,2021,30/04/2020,2200000,1400000,Unk,Unk,2020,567,SHELTER,1500,250,450,600,225,225
AVORD,AVORD,EMERGENCY SHELTER,UNHCR,Conflict/Insecurity,Completed,NIDP,Urban,In-Kind,Hiraan,Belet Weyne,N/A,30/11/2019,31/12/2019,2019,30/04/2020,2300000,1600000,Unk,Unk,2019,248,SHELTER,12408,2068,2582,2503,3700,3700
AVORD,AVORD,EMERGENCY SHELTER,UNHCR,Protracted,Planned,PIDP,Urban,In-Kind,Bay,Baidoa,N/A,31/05/2020,30/06/2020,2020,30/04/2020,2200000,1400000,Unk,Unk,2020,569,SHELTER,2550,425,765,1020,382.5,382.5
AVORD,AVORD,NFI KITS,SHF,Conflict/Insecurity,Completed,NIDP,Urban,In-Kind,Bay,Baidoa,N/A,31/12/2018,31/03/2019,2019,30/04/2020,2300000,1600000,Unk,Unk,2019,256,NFI,4320,720,1296,1728,648,648
AVORD,AVORD,NFI KITS,SHF,Conflict/Insecurity,Completed,NIDP,Urban,In-Kind,Middle Shabelle,Jowhar,N/A,31/12/2018,28/02/2019,2019,30/04/2020,2300000,1600000,Unk,Unk,2019,254,NFI,6000,1000,1800,2400,900,900
AVORD,AVORD,NFI KITS,SHF,Conflict/Insecurity,Completed,NIDP,Urban,In-Kind,Middle Shabelle,Jowhar,N/A,31/12/2018,30/04/2019,2019,30/04/2020,2300000,1600000,Unk,Unk,2019,258,NFI,33000,5500,9900,13200,4950,4950
AVORD,AVORD,NFI KITS,SHF,Conflict/Insecurity,Completed,PIDP,Urban,In-Kind,Bakool,Ceel Barde,N/A,31/05/2019,31/08/2019,2019,30/04/2020,2300000,1600000,Unk,Unk,2019,239,NFI,6720,1120,2016,2688,1008,1008
AVORD,AVORD,NFI KITS,SHF,Conflict/Insecurity,Completed,PIDP,Urban,In-Kind,Bakool,Ceel Barde,N/A,31/05/2019,31/08/2019,2019,30/04/2020,2300000,1600000,Unk,Unk,2019,240,NFI,6000,1000,1249,1210,1789,1789
AVORD,AVORD,NFI KITS,SHF,Conflict/Insecurity,Completed,PIDP,Urban,In-Kind,Bakool,Ceel Barde,N/A,31/05/2019,30/09/2019,2019,30/04/2020,2300000,1600000,Unk,Unk,2019,241,NFI,600,100,125,121,179,179
AVORD,AVORD,NFI KITS,SHF,Conflict/Insecurity,Completed,PIDP,Urban,In-Kind,Bay,Baidoa,N/A,31/12/2018,31/05/2019,2019,30/04/2020,2300000,1600000,Unk,Unk,2019,259,NFI,12000,2000,3600,4800,1800,1800
AVORD,AVORD,NFI KITS,SHF,Conflict/Insecurity,Completed,PIDP,Urban,In-Kind,Bay,Baidoa,N/A,31/12/2018,30/06/2019,2019,30/04/2020,2300000,1600000,Unk,Unk,2019,237,NFI,5880,980,1764,2352,882,882
AVORD,AVORD,NFI KITS,SHF,Conflict/Insecurity,Completed,PIDP,Urban,In-Kind,Lower Shabelle,Afgooye,N/A,31/08/2019,31/01/2020,2020,30/04/2020,2200000,1400000,Unk,Unk,2020,574,NFI,7200,1200,1315,1084,2631,2631
AVORD,AVORD,NFI KITS,SHF,Flood,Completed,NIDP,Urban,In-Kind,Hiraan,Belet Weyne,N/A,30/11/2019,31/01/2020,2020,30/04/2020,2200000,1400000,Unk,Unk,2020,571,NFI,19800,3300,2971,2956,6953,6953
AVORD,AVORD,NFI KITS,SHF,Flood,Completed,NIDP,Urban,In-Kind,Middle Shabelle,Jowhar,N/A,30/11/2019,30/04/2020,2020,30/04/2020,2200000,1400000,Unk,Unk,2020,576,NFI,21000,3500,4293,3905,6704,6704
AVORD,AVORD,NFI KITS,SHF,Flood,Completed,NIDP,Urban,In-Kind,Middle Shabelle,Balcad,N/A,30/11/2019,31/03/2020,2020,30/04/2020,2200000,1400000,Unk,Unk,2020,575,NFI,3000,500,617,535,989,989
AVORD,AVORD,NFI KITS,SHF,Protracted,Planned,PIDP,Urban,In-Kind,Bakool,Xudur,N/A,31/05/2020,30/04/2021,2021,30/04/2020,2200000,1400000,Unk,Unk,2020,566,NFI,28200,4700,8460,11280,4230,4230
AVORD,AVORD,NFI KITS,SHF,Protracted,Planned,PIDP,Urban,In-Kind,Bay,Baidoa,N/A,31/05/2020,31/12/2020,2020,30/04/2020,2200000,1400000,Unk,Unk,2020,570,NFI,33900,5650,10170,13560,5085,5085
AVORD,AVORD,NFI KITS,UNHCR,Conflict/Insecurity,Completed,NIDP,Urban,In-Kind,Bay,Baidoa,N/A,30/11/2019,30/11/2019,2019,30/04/2020,2300000,1600000,Unk,Unk,2019,249,NFI,2040,340,612,816,306,306
AVORD,AVORD,NFI KITS,UNHCR,Conflict/Insecurity,Completed,NIDP,Urban,In-Kind,Hiraan,Belet Weyne,N/A,30/11/2019,31/12/2019,2019,30/04/2020,2300000,1600000,Unk,Unk,2019,247,NFI,21000,3500,6300,8400,3150,3150
AVORD,AVORD,NFI KITS,UNHCR,Flood,Completed,NIDP,Urban,In-Kind,Bay,Baidoa,N/A,30/11/2019,30/11/2019,2019,30/04/2020,2300000,1600000,Unk,Unk,2019,250,NFI,2040,340,612,816,306,306
AVORD,AVORD,NFI KITS,UNHCR,Protracted,Planned,PIDP,Urban,In-Kind,Bay,Baidoa,N/A,31/05/2020,31/05/2020,2020,30/04/2020,2200000,1400000,Unk,Unk,2020,568,NFI,3000,500,900,1200,450,450
AYUUB,AYUUB,EMERGENCY SHELTER,SHF,Drought,Completed,NIDP,N/A,In-Kind,Lower Shabelle,Qoryooley,N/A,31/01/2019,31/08/2019,2019,30/04/2020,2300000,1600000,Unk,Unk,2019,275,SHELTER,8400,1400,1748,1694,2505,2505
AYUUB,AYUUB,EMERGENCY SHELTER,SHF,Drought,Completed,NIDP,N/A,In-Kind,Lower Shabelle,Qoryooley,N/A,31/01/2019,31/08/2019,2019,30/04/2020,2300000,1600000,Unk,Unk,2019,276,SHELTER,8400,1400,1748,1694,2505,2505
AYUUB,AYUUB,EMERGENCY SHELTER,SHF,Drought,Completed,NIDP,N/A,In-Kind,Lower Shabelle,Qoryooley,N/A,31/01/2019,31/08/2019,2019,30/04/2020,2300000,1600000,Unk,Unk,2019,277,SHELTER,8400,1400,1748,1694,2505,2505
AYUUB,AYUUB,EMERGENCY SHELTER,SHF,Drought,Completed,NIDP,Rural,In-Kind,Lower Shabelle,Marka,Cusmaan Qunle,31/08/2019,31/01/2020,2020,30/04/2020,2200000,1400000,Yes,No,2020,582,SHELTER,900,150,168,134,333,333
AYUUB,AYUUB,EMERGENCY SHELTER,SHF,Drought,Completed,NIDP,Rural,In-Kind,Lower Shabelle,Marka,Buufow Bacaad,31/08/2019,31/01/2020,2020,30/04/2020,2200000,1400000,Yes,No,2020,580,SHELTER,900,150,168,134,333,333
AYUUB,AYUUB,EMERGENCY SHELTER,SHF,Drought,Completed,NIDP,Rural,In-Kind,Lower Shabelle,Marka,Aw Yaalle,31/08/2019,31/01/2020,2020,30/04/2020,2200000,1400000,Yes,No,2020,578,SHELTER,900,150,168,134,333,333
AYUUB,AYUUB,EMERGENCY SHELTER,SHF,Drought,Completed,NIDP,Rural,In-Kind,Lower Shabelle,Marka,Abeylow,31/08/2019,31/01/2020,2020,30/04/2020,2200000,1400000,Yes,Unk,2020,585,SHELTER,900,150,168,134,333,333
AYUUB,AYUUB,EMERGENCY SHELTER,SHF,Drought,Completed,NIDP,Rural,In-Kind,Lower Shabelle,Marka,Nurta Taliyow,31/08/2019,31/01/2020,2020,30/04/2020,2200000,1400000,Yes,Unk,2020,587,SHELTER,900,150,168,134,333,333
AYUUB,AYUUB,EMERGENCY SHELTER,SHF,Drought,Completed,NIDP,Urban,In-Kind,Lower Shabelle,Qoryooley,N/A,31/01/2019,30/06/2019,2019,30/04/2020,2300000,1600000,Unk,Unk,2019,270,SHELTER,8400,1400,1748,1694,2505,2505
AYUUB,AYUUB,EMERGENCY SHELTER,SHF,Drought,Completed,NIDP,Urban,In-Kind,Lower Shabelle,Wanla Weyn,N/A,31/05/2019,31/08/2019,2019,30/04/2020,2300000,1600000,Unk,Unk,2019,278,SHELTER,15000,2500,3122,3026,4473,4473
AYUUB,AYUUB,EMERGENCY SHELTER,SHF,Drought,Completed,NIDP,Urban,In-Kind,Lower Shabelle,Wanla Weyn,N/A,31/05/2019,31/08/2019,2019,30/04/2020,2300000,1600000,Unk,Unk,2019,279,SHELTER,15000,2500,3122,3026,4473,4473
AYUUB,AYUUB,EMERGENCY SHELTER,SHF,Drought,Completed,NIDP,Urban,In-Kind,Lower Shabelle,Wanla Weyn,N/A,31/05/2019,31/08/2019,2019,30/04/2020,2300000,1600000,Unk,Unk,2019,280,SHELTER,15000,2500,3122,3026,4473,4473
AYUUB,AYUUB,EMERGENCY SHELTER,SHF,Drought,Completed,NIDP,Urban,In-Kind,Lower Shabelle,Wanla Weyn,N/A,31/05/2019,31/08/2019,2019,30/04/2020,2300000,1600000,Unk,Unk,2019,281,SHELTER,15000,2500,3122,3026,4473,4473
AYUUB,AYUUB,EMERGENCY SHELTER,SHF,Drought,Completed,NIDP,Urban,In-Kind,Lower Shabelle,Wanla Weyn,N/A,31/05/2019,31/08/2019,2019,30/04/2020,2300000,1600000,Unk,Unk,2019,282,SHELTER,15000,2500,3122,3026,4473,4473
AYUUB,AYUUB,NFI KITS,SHF,Drought,Completed,NIDP,Rural,In-Kind,Lower Shabelle,Marka,N/A,31/08/2019,31/10/2019,2019,30/04/2020,2300000,1600000,Unk,Unk,2019,283,NFI,4500,150,937,908,1342,1342
AYUUB,AYUUB,NFI KITS,SHF,Drought,Completed,NIDP,Rural,In-Kind,Lower Shabelle,Marka,N/A,31/08/2019,31/10/2019,2019,30/04/2020,2300000,1600000,Unk,Unk,2019,284,NFI,4500,150,937,908,1342,1342
AYUUB,AYUUB,NFI KITS,SHF,Drought,Completed,NIDP,Rural,In-Kind,Lower Shabelle,Marka,N/A,31/08/2019,31/10/2019,2019,30/04/2020,2300000,1600000,Unk,Unk,2019,285,NFI,4500,150,937,908,1342,1342
AYUUB,AYUUB,NFI KITS,SHF,Drought,Completed,NIDP,Rural,In-Kind,Lower Shabelle,Marka,N/A,31/08/2019,31/10/2019,2019,30/04/2020,2300000,1600000,Unk,Unk,2019,286,NFI,4500,150,937,908,1342,1342
AYUUB,AYUUB,NFI KITS,SHF,Drought,Completed,NIDP,Rural,In-Kind,Lower Shabelle,Marka,N/A,31/08/2019,31/10/2019,2019,30/04/2020,2300000,1600000,Unk,Unk,2019,287,NFI,4500,150,937,908,1342,1342
AYUUB,AYUUB,NFI KITS,SHF,Drought,Completed,NIDP,Rural,In-Kind,Lower Shabelle,Marka,Cusmaan Qunle,31/08/2019,31/01/2020,2020,30/04/2020,2200000,1400000,Yes,No,2020,583,NFI,900,150,168,134,333,333
AYUUB,AYUUB,NFI KITS,SHF,Drought,Completed,NIDP,Rural,In-Kind,Lower Shabelle,Marka,Buufow Bacaad,31/08/2019,31/01/2020,2020,30/04/2020,2200000,1400000,Yes,No,2020,581,NFI,900,150,168,134,333,333
AYUUB,AYUUB,NFI KITS,SHF,Drought,Completed,NIDP,Rural,In-Kind,Lower Shabelle,Marka,Aw Yaalle,31/08/2019,31/01/2020,2020,30/04/2020,2200000,1400000,Yes,No,2020,579,NFI,900,150,168,134,333,333
AYUUB,AYUUB,NFI KITS,SHF,Drought,Completed,NIDP,Rural,In-Kind,Lower Shabelle,Marka,Abeylow,31/08/2019,31/01/2020,2020,30/04/2020,2200000,1400000,Yes,Unk,2020,584,NFI,900,150,168,134,333,333
AYUUB,AYUUB,NFI KITS,SHF,Drought,Completed,NIDP,Rural,In-Kind,Lower Shabelle,Marka,Nurta Taliyow,31/08/2019,31/01/2020,2020,30/04/2020,2200000,1400000,Yes,Unk,2020,586,NFI,900,150,168,134,333,333
AYUUB,AYUUB,NFI KITS,SHF,Drought,Completed,NIDP,Urban,In-Kind,Lower Shabelle,Qoryooley,N/A,31/01/2019,30/06/2019,2019,30/04/2020,2300000,1600000,Unk,Unk,2019,269,NFI,8400,1400,1748,1694,2505,2505
AYUUB,AYUUB,NFI NON KITS,SHF,Drought,Completed,NIDP,Urban,In-Kind,Lower Shabelle,Qoryooley,N/A,31/01/2019,30/06/2019,2019,30/04/2020,2300000,1600000,Unk,Unk,2019,271,NFI,8400,1400,1748,1694,2505,2505
AYUUB,AYUUB,NFI NON KITS,SHF,Drought,Completed,NIDP,Urban,In-Kind,Lower Shabelle,Qoryooley,N/A,31/01/2019,30/06/2019,2019,30/04/2020,2300000,1600000,Unk,Unk,2019,272,NFI,8400,1400,1748,1694,2505,2505
AYUUB,AYUUB,NFI NON KITS,SHF,Drought,Completed,NIDP,Urban,In-Kind,Lower Shabelle,Qoryooley,N/A,31/01/2019,30/06/2019,2019,30/04/2020,2300000,1600000,Unk,Unk,2019,273,NFI,8400,1400,1748,1694,2505,2505
AYUUB,AYUUB,NFI NON KITS,SHF,Drought,Completed,NIDP,Urban,In-Kind,Lower Shabelle,Qoryooley,N/A,31/01/2019,30/06/2019,2019,30/04/2020,2300000,1600000,Unk,Unk,2019,274,NFI,8400,1400,1748,1694,2505,2505
CCBRS,CCBRS,SHELTER REPAIR,SHF,Flood,Completed,NIDP,Mixed,Cash,Awdal,Lughaye,N/A,31/08/2018,31/01/2019,2019,30/04/2020,2300000,1600000,Unk,Unk,2019,289,SHELTER,1008,168,250,258,250,250
CCBRS,CCBRS,SHELTER REPAIR,SHF,Flood,Completed,NIDP,Mixed,Cash,Awdal,Lughaye,N/A,31/08/2018,31/01/2019,2019,30/04/2020,2300000,1600000,Unk,Unk,2019,290,SHELTER,492,82,140,145,107,107
Direct Aid Kuwait,Direct Aid Somalia,EMERGENCY SHELTER,Kuwaiti Society,Drought,Completed,NIDP,Urban,In-Kind,Banadir,Banadir,N/A,30/06/2019,30/06/2019,2019,30/04/2020,2300000,1600000,Unk,Unk,2019,352,SHELTER,3000,500,624,605,895,895
Direct Aid Kuwait,Direct Aid Somalia,EMERGENCY SHELTER,Kuwaiti Society,Drought,Planned,NIDP,Urban,In-Kind,Bay,Baidoa,N/A,31/07/2019,30/04/2020,2020,30/04/2020,2200000,1400000,Unk,Unk,2020,589,SHELTER,6000,1000,973,891,2156,2156
DRC,DRC,EAPS,SHF,Flood,Completed,NIDP,Urban,In-Kind,Hiraan,Bulo Burto,N/A,30/11/2018,31/03/2019,2019,30/04/2020,2300000,1600000,Unk,Unk,2019,359,NFI,2880,480,491,509,1057,1057
DRC,DRC,EAPS,SHF,Flood,Completed,NIDP,Urban,In-Kind,Hiraan,Jalalaqsi,N/A,30/11/2018,31/03/2019,2019,30/04/2020,2300000,1600000,Unk,Unk,2019,361,NFI,1200,200,250,242,358,358
DRC,DRC,EMERGENCY SHELTER,ECHO,Flood,Completed,NIDP,Urban,In-Kind,Hiraan,Belet Weyne,N/A,30/11/2019,31/12/2019,2019,30/04/2020,2300000,1600000,Unk,Unk,2019,369,SHELTER,5580,930,1161,1126,1664,1664
DRC,DRC,EMERGENCY SHELTER,SHF,Flood,Completed,NIDP,Urban,In-Kind,Hiraan,Belet Weyne,N/A,30/11/2018,31/03/2019,2019,30/04/2020,2300000,1600000,Unk,Unk,2019,355,SHELTER,5400,900,920,953,1983,1983
DRC,DRC,EMERGENCY SHELTER,SHF,Flood,Completed,NIDP,Urban,In-Kind,Hiraan,Belet Weyne,N/A,30/11/2018,30/04/2019,2019,30/04/2020,2300000,1600000,Unk,Unk,2019,356,SHELTER,1002,167,171,177,368,368
DRC,DRC,EMERGENCY SHELTER,SHF,Flood,Completed,NIDP,Urban,In-Kind,Hiraan,Bulo Burto,N/A,30/11/2018,31/03/2019,2019,30/04/2020,2300000,1600000,Unk,Unk,2019,358,SHELTER,2400,400,409,424,881,881
DRC,DRC,EMERGENCY SHELTER,SHF,Flood,Completed,NIDP,Urban,In-Kind,Hiraan,Jalalaqsi,N/A,30/11/2018,31/03/2019,2019,30/04/2020,2300000,1600000,Unk,Unk,2019,360,SHELTER,1200,200,250,242,358,358
DRC,DRC,EMERGENCY SHELTER,SHF,Flood,Ongoing,NIDP,Urban,In-Kind,Hiraan,Belet Weyne,N/A,31/12/2019,31/05/2020,2020,30/04/2020,2200000,1400000,Unk,Unk,2020,591,SHELTER,12300,2050,1846,1837,4320,4320
DRC,DRC,NFI KITS,ECHO,Conflict/Insecurity,Completed,NIDP,Urban,In-Kind,Banadir,Banadir,N/A,31/01/2019,31/05/2019,2019,30/04/2020,2300000,1600000,Unk,Unk,2019,364,NFI,1061,170,221,214,316,316
DRC,DRC,NFI KITS,ECHO,Conflict/Insecurity,Completed,NIDP,Urban,In-Kind,Banadir,Banadir,N/A,31/01/2019,31/10/2019,2019,30/04/2020,2300000,1600000,Unk,Unk,2019,366,NFI,1061,170,221,214,316,316
DRC,DRC,NFI KITS,ECHO,Drought,Completed,NIDP,Urban,In-Kind,Bay,Baidoa,N/A,31/01/2019,31/10/2019,2019,30/04/2020,2300000,1600000,Unk,Unk,2019,367,NFI,2100,350,630,735,315,315
DRC,DRC,NFI KITS,ECHO,Drought,Completed,NIDP,Urban,In-Kind,Bay,Baidoa,N/A,28/02/2019,31/08/2019,2019,30/04/2020,2300000,1600000,Unk,Unk,2019,363,NFI,1320,220,396,462,198,198
DRC,DRC,NFI KITS,ECHO,Drought,Completed,NIDP,Urban,In-Kind,Bay,Baidoa,N/A,28/02/2019,31/10/2019,2019,30/04/2020,2300000,1600000,Unk,Unk,2019,365,NFI,1320,220,396,462,198,198
DRC,DRC,NFI KITS,ECHO,Flood,Completed,NIDP,Urban,In-Kind,Hiraan,Belet Weyne,N/A,30/11/2019,31/12/2019,2019,30/04/2020,2300000,1600000,Unk,Unk,2019,368,NFI,6060,1010,1261,1222,1807,1807
DRC,DRC,NFI KITS,SHF,Flood,Completed,NIDP,Urban,In-Kind,Hiraan,Belet Weyne,N/A,30/11/2018,31/03/2019,2019,30/04/2020,2300000,1600000,Unk,Unk,2019,357,NFI,19596,3266,3340,3460,7194,7194
DRC,DRC,NFI KITS,SHF,Flood,Ongoing,NIDP,Urban,In-Kind,Hiraan,Belet Weyne,N/A,31/12/2019,31/05/2020,2020,30/04/2020,2200000,1400000,Unk,Unk,2020,592,NFI,12300,2050,1846,1837,4320,4320
DRC,DRC,DURABLE SHELTER,DANIDA,Drought,Ongoing,NIDP,Urban,In-Kind,Gedo,Doolow,N/A,31/01/2019,31/12/2020,2020,30/04/2020,2200000,1400000,Unk,Unk,2020,590,SHELTER,1560,260,312,276,516,516
Human Appeal,Human Appeal,EMERGENCY SHELTER,Human Appeal (HQ),Conflict/Insecurity,Planned,PIDP,Urban,In-Kind,Banadir,Banadir,N/A,30/09/2019,30/04/2020,2020,30/04/2020,2200000,1400000,Unk,Unk,2020,594,SHELTER,3600,600,639,597,1220,1220
IOM,ACTED,NFI KITS,DFID,Flood,Planned,NIDP,Urban,In-Kind,Bay,Baidoa,N/A,30/11/2019,30/04/2020,2020,30/04/2020,2200000,1400000,Unk,Unk,2020,596,NFI,6768,1128,1097,1007,2432,2432
IOM,DRC,EAPS,DFID,Flood,Completed,NIDP,Urban,In-Kind,Hiraan,Belet Weyne,N/A,30/11/2019,30/11/2019,2019,30/04/2020,2300000,1600000,Unk,Unk,2019,370,NFI,18720,3120,3896,3776,5582,5582
IOM,Human Appeal,EAPS,DFID,Flood,Completed,NIDP,Urban,In-Kind,Banadir,Banadir,N/A,30/11/2019,31/12/2019,2019,30/04/2020,2300000,1600000,Unk,Unk,2019,375,NFI,3600,600,749,726,1073,1073
IOM,Human Appeal,NFI KITS,DFID,Flood,Planned,NIDP,Urban,In-Kind,Banadir,Banadir,N/A,30/11/2019,30/04/2020,2020,30/04/2020,2200000,1400000,Unk,Unk,2020,595,NFI,12348,2058,2188,2052,4184,4184
IOM,IOM,EAPS,DFID,Conflict/Insecurity,Completed,NIDP,Urban,In-Kind,Gedo,Doolow,N/A,31/05/2018,30/04/2019,2019,30/04/2020,2300000,1600000,Unk,Unk,2019,380,NFI,8082,2002,1682,1630,2410,2410
IOM,IOM,EMERGENCY SHELTER,CERF,Drought,Completed,NIDP,Urban,Cash,Gedo,Doolow,N/A,31/10/2019,30/11/2019,2019,30/04/2020,2300000,1600000,Unk,Unk,2019,385,SHELTER,3000,500,624,605,895,895
IOM,IOM,EMERGENCY SHELTER,CERF,Drought,Completed,NIDP,Urban,Cash,Gedo,Baardheere,N/A,31/10/2019,31/03/2020,2020,30/04/2020,2200000,1400000,Unk,Unk,2020,601,SHELTER,9000,1500,1777,1548,3032,3032
IOM,IOM,EMERGENCY SHELTER,CERF,Drought,Completed,NIDP,Urban,Cash,Gedo,Garbahaarey,N/A,31/10/2019,31/03/2020,2020,30/04/2020,2200000,1400000,Unk,Unk,2020,603,SHELTER,4500,750,902,794,1491,1491
IOM,IOM,EMERGENCY SHELTER,CERF,Drought,Completed,NIDP,Urban,Cash,Gedo,Luuq,N/A,31/10/2019,31/03/2020,2020,30/04/2020,2200000,1400000,Unk,Unk,2020,604,SHELTER,12600,2100,2520,2226,4171,4171
IOM,IOM,EMERGENCY SHELTER,CERF,Drought,Completed,NIDP,Urban,In-Kind,Gedo,Doolow,N/A,31/10/2019,31/03/2020,2020,30/04/2020,2200000,1400000,Unk,Unk,2020,602,SHELTER,3000,500,600,530,993,993
IOM,IOM,EMERGENCY SHELTER,CERF,Flood,Ongoing,NIDP,Urban,Cash,Bay,Baidoa,N/A,31/12/2019,30/04/2020,2020,30/04/2020,2200000,1400000,Unk,Unk,2020,600,SHELTER,18000,3000,2916,2677,6468,6468
IOM,IOM,EMERGENCY SHELTER,CERF,Eviction,Ongoing,EVIC,Urban,Cash,Bay,Baidoa,N/A,31/10/2019,30/04/2020,2020,30/04/2020,2200000,1400000,Unk,Unk,2020,598,SHELTER,6000,1000,973,891,2156,2156
IOM,IOM,EMERGENCY SHELTER,DIFD,Eviction,Planned,EVIC,Urban,Cash,Bay,Baidoa,N/A,31/03/2020,31/05/2020,2020,30/04/2020,2200000,1400000,Unk,Unk,2020,597,SHELTER,6000,1000,973,891,2156,2156
IOM,IOM,NFI KITS,CERF,Flood,Completed,NIDP,Urban,Cash,Bay,Baidoa,N/A,31/12/2019,31/03/2020,2020,30/04/2020,2200000,1400000,Unk,Unk,2020,599,NFI,18000,3000,2916,2677,6468,6468
IOM,IOM,TRANSITIONAL SHELTER,ECHO,Relocation,Completed,EVIC,Urban,Cash,Bay,Baidoa,N/A,30/06/2019,31/07/2019,2019,30/04/2020,2300000,1600000,Unk,Unk,2019,381,SHELTER,6000,1000,1249,1210,1789,1789
IOM,INTERSOS,EAPS,DFID,Flood,Completed,NIDP,Urban,In-Kind,Bay,Baidoa,N/A,30/11/2019,30/11/2019,2019,30/04/2020,2300000,1600000,Unk,Unk,2019,379,NFI,2400,400,499,484,716,716
IOM,INTERSOS,NFI KITS,DFID,Flood,Completed,NIDP,Urban,In-Kind,Middle Shabelle,Balcad,N/A,30/09/2019,30/09/2019,2019,30/04/2020,2300000,1600000,Unk,Unk,2019,378,NFI,2400,400,409,424,881,881
NRC,NRC,EMERGENCY SHELTER,DFID Early Solution,Conflict/Insecurity,Completed,NIDP,Urban,Cash,Bay,Baidoa,N/A,31/07/2017,30/11/2019,2019,30/04/2020,2300000,1600000,Unk,Unk,2019,407,SHELTER,6000,1000,1249,1210,1789,1789
NRC,NRC,EMERGENCY SHELTER,DFID Early Solution,Flood,Completed,NIDP,Urban,Cash,Bay,Baidoa,N/A,31/07/2019,31/01/2020,2020,30/04/2020,2200000,1400000,Unk,Unk,2020,605,SHELTER,33367,5000,5482,5451,12312,12312
NRC,NRC,EMERGENCY SHELTER,SHF,Conflict/Insecurity,Completed,NIDP,Rural,Cash,Bari,Bandarbeyla,N/A,30/09/2018,31/03/2019,2019,30/04/2020,2300000,1600000,Unk,Unk,2019,398,SHELTER,1200,200,180,180,420,420
NRC,NRC,EMERGENCY SHELTER,SHF,Conflict/Insecurity,Completed,NIDP,Rural,Cash,Bari,Iskushuban,N/A,30/09/2018,31/03/2019,2019,30/04/2020,2300000,1600000,Unk,Unk,2019,391,SHELTER,600,100,90,90,210,210
NRC,NRC,EMERGENCY SHELTER,SHF,Conflict/Insecurity,Completed,NIDP,Urban,Cash,Banadir,Banadir,N/A,31/01/2019,31/07/2019,2019,30/04/2020,2300000,1600000,Unk,Unk,2019,402,SHELTER,6767,1000,1408,1365,2018,2018
NRC,NRC,NFI KITS,SHF,Conflict/Insecurity,Completed,NIDP,Rural,Cash,Bari,Bandarbeyla,N/A,30/09/2018,31/08/2019,2019,30/04/2020,2300000,1600000,Unk,Unk,2019,399,NFI,1800,300,270,270,630,630
NRC,NRC,NFI KITS,SHF,Conflict/Insecurity,Completed,NIDP,Rural,Cash,Bari,Caluula,N/A,30/09/2018,31/03/2019,2019,30/04/2020,2300000,1600000,Unk,Unk,2019,392,NFI,3000,500,450,450,1050,1050
NRC,NRC,NFI KITS,SHF,Conflict/Insecurity,Completed,NIDP,Rural,Cash,Bari,Caluula,N/A,30/09/2018,31/03/2019,2019,30/04/2020,2300000,1600000,Unk,Unk,2019,393,NFI,4722,787,708,708,1653,1653
NRC,NRC,NFI KITS,SHF,Conflict/Insecurity,Completed,NIDP,Rural,Cash,Bari,Caluula,N/A,30/09/2018,31/03/2019,2019,30/04/2020,2300000,1600000,Unk,Unk,2019,394,NFI,2400,402,362,362,844,844
NRC,NRC,NFI KITS,SHF,Conflict/Insecurity,Completed,NIDP,Rural,Cash,Bari,Iskushuban,N/A,30/09/2018,31/03/2019,2019,30/04/2020,2300000,1600000,Unk,Unk,2019,395,NFI,4866,811,730,730,1703,1703
NRC,NRC,NFI KITS,SHF,Conflict/Insecurity,Completed,NIDP,Rural,Cash,Bari,Iskushuban,N/A,30/09/2018,31/03/2019,2019,30/04/2020,2300000,1600000,Unk,Unk,2019,396,NFI,3000,500,450,450,1050,1050
NRC,NRC,NFI KITS,SHF,Conflict/Insecurity,Completed,NIDP,Rural,Cash,Sool,Laas Caanood,N/A,30/09/2018,31/03/2019,2019,30/04/2020,2300000,1600000,Unk,Unk,2019,397,NFI,1200,200,180,180,420,420
NRC,NRC,NFI KITS,SHF,Conflict/Insecurity,Completed,NIDP,Urban,Cash,Banadir,Banadir,N/A,31/01/2019,31/07/2019,2019,30/04/2020,2300000,1600000,Unk,Unk,2019,401,NFI,8220,1200,1711,1658,2451,2451
NRC,NRC,NFI NON KITS,SHF,Conflict/Insecurity,Completed,NIDP,Urban,In-Kind,Banadir,Banadir,N/A,31/12/2018,31/07/2019,2019,30/04/2020,2300000,1600000,Unk,Unk,2019,404,NFI,13200,2200,2250,2331,4846,4846
NRC,NRC,PERMANENT SHELTER,UNHabitat,Protracted,Completed,PIDP,Urban,In-Kind,Lower Juba,Kismayo,N/A,30/09/2017,28/02/2019,2019,30/04/2020,2300000,1600000,Unk,Unk,2019,400,SHELTER,571,79,119,115,170,170
NRC,NRC,TRANSITIONAL SHELTER,DFID DS,Conflict/Insecurity,Ongoing,NIDP,Urban,In-Kind,Lower Juba,Kismayo,N/A,31/08/2018,31/07/2022,2022,30/04/2020,2200000,1400000,Unk,Unk,2020,609,SHELTER,2700,450,459,478,991,991
NRC,NRC,TRANSITIONAL SHELTER,DFID Early Solution,Conflict/Insecurity,Completed,NIDP,Urban,Cash,Bay,Baidoa,N/A,31/07/2019,29/02/2020,2020,30/04/2020,2200000,1400000,Unk,Unk,2020,607,SHELTER,6084,1000,945,1014,2281,2281
NRC,NRC,DURABLE SHELTER,DFID DS,Conflict/Insecurity,Planned,NIDP,Urban,In-Kind,Bay,Baidoa,N/A,31/08/2018,31/07/2022,2022,30/04/2020,2200000,1400000,Unk,Unk,2020,606,SHELTER,180,30,32,32,66,66
NRC,NRC,DURABLE SHELTER,DFID DS,Conflict/Insecurity,Planned,NIDP,Urban,In-Kind,Lower Juba,Kismayo,N/A,31/08/2018,31/07/2022,2022,30/04/2020,2200000,1400000,Unk,Unk,2020,608,SHELTER,2700,450,459,478,991,991
ORDO,ORDO,NFI KITS,AMISOM/Republic of South Korea,Conflict/Insecurity,Completed,NIDP,Rural,In-Kind,Middle Shabelle,Jowhar,N/A,30/06/2019,30/06/2019,2019,30/04/2020,2300000,1600000,Unk,Unk,2019,416,NFI,3300,550,600,1800,360,360
ORDO,ORDO,NFI KITS,AMISOM/Republic of South Korea,Conflict/Insecurity,Completed,NIDP,Rural,In-Kind,Middle Shabelle,Jowhar,N/A,30/06/2019,30/06/2019,2019,30/04/2020,2300000,1600000,Unk,Unk,2019,417,NFI,4800,800,1080,3000,270,270
ORDO,ORDO,NFI KITS,AMISOM/Republic of South Korea,Conflict/Insecurity,Completed,NIDP,Rural,In-Kind,Middle Shabelle,Jowhar,N/A,30/06/2019,30/06/2019,2019,30/04/2020,2300000,1600000,Unk,Unk,2019,418,NFI,1050,175,234,570,78,78
SSWC,SSWC,EMERGENCY SHELTER,SHF,Conflict/Insecurity,Completed,NIDP,Urban,In-Kind,Banadir,Banadir,N/A,30/04/2019,31/08/2019,2019,30/04/2020,2300000,1600000,Unk,Unk,2019,435,SHELTER,600,100,125,121,179,179
SSWC,SSWC,EMERGENCY SHELTER,SHF,Drought,Completed,NIDP,Urban,In-Kind,Banadir,Banadir,N/A,31/12/2018,31/03/2019,2019,30/04/2020,2300000,1600000,Unk,Unk,2019,425,SHELTER,1200,200,205,212,441,441
SSWC,SSWC,EMERGENCY SHELTER,SHF,Drought,Completed,NIDP,Urban,In-Kind,Banadir,Banadir,N/A,31/12/2018,30/04/2019,2019,30/04/2020,2300000,1600000,Unk,Unk,2019,421,SHELTER,8400,1400,1432,1483,3084,3084
SSWC,SSWC,EMERGENCY SHELTER,SHF,Drought,Completed,NIDP,Urban,In-Kind,Banadir,Banadir,N/A,31/12/2018,30/04/2019,2019,30/04/2020,2300000,1600000,Unk,Unk,2019,422,SHELTER,3000,500,511,530,1101,1101
SSWC,SSWC,EMERGENCY SHELTER,SHF,Drought,Completed,NIDP,Urban,In-Kind,Banadir,Banadir,N/A,31/12/2018,30/04/2019,2019,30/04/2020,2300000,1600000,Unk,Unk,2019,423,SHELTER,1200,200,205,212,441,441
SSWC,SSWC,EMERGENCY SHELTER,SHF,Drought,Completed,NIDP,Urban,In-Kind,Banadir,Banadir,N/A,31/12/2018,30/04/2019,2019,30/04/2020,2300000,1600000,Unk,Unk,2019,429,SHELTER,1239,200,258,250,369,369
SSWC,SSWC,EMERGENCY SHELTER,SHF,Drought,Completed,NIDP,Urban,In-Kind,Mudug,Gaalkacyo,N/A,31/05/2019,31/08/2019,2019,30/04/2020,2300000,1600000,Unk,Unk,2019,433,SHELTER,1800,300,307,357,524,524
SSWC,SSWC,NFI KITS,SHF,Conflict/Insecurity,Completed,NIDP,Urban,Cash,Banadir,Banadir,N/A,30/04/2019,31/08/2019,2019,30/04/2020,2300000,1600000,Unk,Unk,2019,434,NFI,2400,400,499,484,716,716
SSWC,SSWC,NFI KITS,SHF,Drought,Completed,NIDP,Urban,Cash,Banadir,Banadir,N/A,31/12/2018,31/03/2019,2019,30/04/2020,2300000,1600000,Unk,Unk,2019,426,NFI,3000,500,511,530,1101,1101
SSWC,SSWC,NFI KITS,SHF,Drought,Completed,NIDP,Urban,Cash,Banadir,Banadir,N/A,31/12/2018,30/04/2019,2019,30/04/2020,2300000,1600000,Unk,Unk,2019,424,NFI,3000,500,511,530,1101,1101
SSWC,SSWC,NFI KITS,SHF,Drought,Completed,NIDP,Urban,Cash,Banadir,Banadir,N/A,31/12/2018,30/04/2019,2019,30/04/2020,2300000,1600000,Unk,Unk,2019,428,NFI,3043,500,633,614,907,907
SSWC,SSWC,NFI KITS,SHF,Drought,Completed,NIDP,Urban,Cash,Mudug,Gaalkacyo,N/A,31/05/2019,31/08/2019,2019,30/04/2020,2300000,1600000,Unk,Unk,2019,432,NFI,4800,800,847,893,1528,1528
UNHCR,ARC,EMERGENCY SHELTER,Unknown,Flood,Completed,NIDP,Urban,In-Kind,Woqooyi Galbeed,Hargeysa,N/A,31/05/2019,31/05/2019,2019,30/04/2020,2300000,1600000,Unk,Unk,2019,213,SHELTER,1304,200,271,263,389,389
UNHCR,ARC,EMERGENCY SHELTER,Unknown,Protracted,Completed,PIDP,Urban,In-Kind,Woqooyi Galbeed,Hargeysa,N/A,31/08/2019,31/08/2019,2019,30/04/2020,2300000,1600000,Unk,Unk,2019,223,SHELTER,2838,473,667,682,754,754
UNHCR,ARC,NFI KITS,Unknown,Conflict/Insecurity,Completed,NIDP,Mixed,In-Kind,Lower Juba,Afmadow,N/A,31/05/2019,31/05/2019,2019,30/04/2020,2300000,1600000,Unk,Unk,2019,214,NFI,2400,400,499,484,716,716
UNHCR,ARC,NFI KITS,Unknown,Drought,Completed,NIDP,Rural,In-Kind,Awdal,Baki,N/A,31/10/2019,31/10/2019,2019,30/04/2020,2300000,1600000,Unk,Unk,2019,227,NFI,3000,500,624,605,895,895
UNHCR,ARC,NFI KITS,Unknown,Drought,Completed,PIDP,Rural,In-Kind,Sool,Xudun,N/A,30/11/2019,30/11/2019,2019,30/04/2020,2300000,1600000,Unk,Unk,2019,232,NFI,2700,450,562,545,805,805
UNHCR,ARC,NFI KITS,Unknown,Drought,Completed,PIDP,Rural,In-Kind,Togdheer,Burco,N/A,30/06/2019,30/06/2019,2019,30/04/2020,2300000,1600000,Unk,Unk,2019,217,NFI,2100,350,437,424,626,626
UNHCR,ARC,NFI KITS,Unknown,Drought,Completed,PIDP,Rural,In-Kind,Togdheer,Burco,N/A,30/06/2019,30/06/2019,2019,30/04/2020,2300000,1600000,Unk,Unk,2019,218,NFI,720,120,150,145,215,215
UNHCR,ARC,NFI KITS,Unknown,Drought,Completed,PIDP,Rural,In-Kind,Woqooyi Galbeed,Hargeysa,N/A,30/06/2019,30/06/2019,2019,30/04/2020,2300000,1600000,Unk,Unk,2019,216,NFI,2400,400,499,484,716,716
UNHCR,ARC,NFI KITS,Unknown,Drought,Completed,PIDP,Rural,In-Kind,Woqooyi Galbeed,Hargeysa,N/A,30/09/2019,30/09/2019,2019,30/04/2020,2300000,1600000,Unk,Unk,2019,226,NFI,606,101,126,122,181,181
UNHCR,ARC,NFI KITS,Unknown,Drought,Completed,PIDP,Rural,In-Kind,Woqooyi Galbeed,Hargeysa,N/A,31/10/2019,31/10/2019,2019,30/04/2020,2300000,1600000,Unk,Unk,2019,229,NFI,1494,249,311,301,445,445
UNHCR,ARC,NFI KITS,Unknown,Drought,Completed,PIDP,Rural,In-Kind,Woqooyi Galbeed,Berbera,N/A,30/06/2019,30/06/2019,2019,30/04/2020,2300000,1600000,Unk,Unk,2019,215,NFI,2400,400,499,484,716,716
UNHCR,ARC,NFI KITS,Unknown,Flood,Completed,NIDP,Rural,In-Kind,Sool,Caynabo,N/A,30/06/2019,30/06/2019,2019,30/04/2020,2300000,1600000,Unk,Unk,2019,220,NFI,366,61,76,74,109,109
UNHCR,ARC,NFI KITS,Unknown,Flood,Completed,NIDP,Rural,In-Kind,Togdheer,Burco,N/A,30/06/2019,30/06/2019,2019,30/04/2020,2300000,1600000,Unk,Unk,2019,219,NFI,900,150,187,182,268,268
UNHCR,ARC,NFI KITS,Unknown,Flood,Completed,NIDP,Rural,In-Kind,Woqooyi Galbeed,Gebiley,N/A,30/06/2019,30/06/2019,2019,30/04/2020,2300000,1600000,Unk,Unk,2019,221,NFI,360,60,75,73,107,107
UNHCR,ARC,NFI KITS,Unknown,Flood,Completed,NIDP,Urban,In-Kind,Awdal,Zeylac,N/A,31/12/2019,31/12/2019,2019,30/04/2020,2300000,1600000,Unk,Unk,2019,233,NFI,660,110,137,133,197,197
UNHCR,ARC,NFI KITS,Unknown,Flood,Completed,NIDP,Urban,In-Kind,Woqooyi Galbeed,Hargeysa,N/A,31/05/2019,31/05/2019,2019,30/04/2020,2300000,1600000,Unk,Unk,2019,212,NFI,1304,200,271,263,389,389
UNHCR,ARC,NFI KITS,Unknown,Flood,Completed,NIDP,Urban,In-Kind,Woqooyi Galbeed,Hargeysa,N/A,31/10/2019,31/10/2019,2019,30/04/2020,2300000,1600000,Unk,Unk,2019,230,NFI,120,20,25,24,36,36
UNHCR,ARC,NFI KITS,Unknown,Flood,Completed,NIDP,Urban,In-Kind,Woqooyi Galbeed,Hargeysa,N/A,31/10/2019,31/12/2019,2019,30/04/2020,2300000,1600000,Unk,Unk,2019,228,NFI,84,14,17,17,25,25
UNHCR,ARC,NFI KITS,Unknown,N/A,Completed,PIDP,Urban,In-Kind,Woqooyi Galbeed,Hargeysa,N/A,31/08/2019,31/08/2019,2019,30/04/2020,2300000,1600000,Unk,Unk,2019,224,NFI,114,19,19,24,39,39
UNHCR,ARC,NFI KITS,Unknown,Protracted,Completed,NIDP,Urban,In-Kind,Woqooyi Galbeed,Hargeysa,N/A,31/08/2019,31/08/2019,2019,30/04/2020,2300000,1600000,Unk,Unk,2019,222,NFI,2724,454,553,568,811,811
UNHCR,ARC,NFI KITS,Unknown,Eviction,Completed,EVIC,Rural,In-Kind,Sanaag,Ceel Afweyn,N/A,30/09/2019,30/09/2019,2019,30/04/2020,2300000,1600000,Unk,Unk,2019,225,NFI,9240,1540,1923,1864,2755,2755
UNHCR,ARC,PERMANENT SHELTER,Unknown,Return,Completed,RRET,Urban,In-Kind,Lower Juba,Kismayo,N/A,31/12/2018,28/02/2019,2019,30/04/2020,2300000,1600000,Unk,Unk,2019,210,SHELTER,300,50,51,53,110,110
UNHCR,AVORD,EMERGENCY SHELTER,Unknown,Conflict/Insecurity,Completed,NIDP,Urban,In-Kind,Hiraan,Belet Weyne,N/A,30/11/2019,31/01/2020,2020,30/04/2020,2200000,1400000,Unk,Unk,2020,635,SHELTER,15000,2500,2251,2240,5268,5268
UNHCR,AVORD,NFI KITS,N/A,Flood,Ongoing,NIDP,Mixed,In-Kind,Bay,Baidoa,N/A,31/05/2020,31/07/2020,2020,30/04/2020,2200000,1400000,Unk,Unk,2020,626,NFI,3000,500,552,488,1040,1040
UNHCR,AVORD,NFI KITS,Unknown,Conflict/Insecurity,Completed,NIDP,Urban,In-Kind,Bay,Baidoa,N/A,30/11/2019,31/01/2020,2020,30/04/2020,2200000,1400000,Unk,Unk,2020,624,NFI,2040,340,331,303,733,733
UNHCR,AVORD,NFI KITS,Unknown,Conflict/Insecurity,Completed,NIDP,Urban,In-Kind,Hiraan,Belet Weyne,N/A,30/11/2019,31/01/2020,2020,30/04/2020,2200000,1400000,Unk,Unk,2020,637,NFI,21000,3500,3151,3136,7375,7375
UNHCR,AVORD,NFI KITS,Unknown,Flood,Completed,NIDP,Urban,In-Kind,Bay,Baidoa,N/A,30/11/2019,31/01/2020,2020,30/04/2020,2200000,1400000,Unk,Unk,2020,625,NFI,1800,300,292,268,647,647
UNHCR,AYUUB,NFI NON KITS,Unknown,Flood,Completed,NIDP,Rural,In-Kind,Lower Shabelle,Afgooye,Baal Guri,30/11/2019,31/01/2020,2020,30/04/2020,2200000,1400000,No,No,2020,645,NFI,3000,500,548,452,1096,1096
UNHCR,AYUUB,NFI NON KITS,Unknown,Flood,Completed,NIDP,Rural,In-Kind,Lower Shabelle,Afgooye,Hawa Tako,30/11/2019,31/01/2020,2020,30/04/2020,2200000,1400000,No,No,2020,646,NFI,3000,500,548,452,1096,1096
UNHCR,CCBRS,NFI KITS,Unknown,Drought,Completed,NIDP,Mixed,In-Kind,Togdheer,Sheikh,N/A,31/01/2019,31/01/2019,2019,30/04/2020,2300000,1600000,Unk,Unk,2019,291,NFI,1344,224,345,409,356,356
UNHCR,DRC,NFI KITS,N/A,Flood,Completed,NIDP,Mixed,In-Kind,Gedo,Doolow,N/A,31/03/2020,30/04/2020,2020,30/04/2020,2200000,1400000,Unk,Unk,2020,633,NFI,6000,1000,1300,3200,500,500
UNHCR,DRC,PERMANENT SHELTER,Qatar Foundation,Relocation,Completed,NIDP,Urban,In-Kind,Mudug,Gaalkacyo,N/A,31/01/2019,30/11/2019,2019,30/04/2020,2300000,1600000,Unk,Unk,2019,371,SHELTER,600,100,125,121,179,179
UNHCR,NRC,EMERGENCY SHELTER,Unknown,Conflict/Insecurity,Completed,NIDP,Urban,Cash,Bari,Bossaso,N/A,31/01/2019,30/11/2019,2019,30/04/2020,2300000,1600000,Unk,Unk,2019,413,SHELTER,9000,1500,1873,1815,2684,2684
UNHCR,NRC,NFI KITS,Unknown,Conflict/Insecurity,Completed,NIDP,Urban,In-Kind,Bari,Bossaso,N/A,31/01/2019,30/11/2019,2019,30/04/2020,2300000,1600000,Unk,Unk,2019,412,NFI,20886,3481,4347,4213,6228,6228
UNHCR,NRC,TRANSITIONAL SHELTER,Unknown,Protracted,Completed,NIDP,Urban,In-Kind,Woqooyi Galbeed,Berbera,N/A,31/12/2019,31/12/2019,2019,30/04/2020,2300000,1600000,Unk,Unk,2019,415,SHELTER,912,152,190,184,272,272
UNHCR,NRC,TRANSITIONAL SHELTER,UNHCR,Protracted,Ongoing,NIDP,Urban,In-Kind,Woqooyi Galbeed,Berbera,N/A,31/01/2020,31/12/2020,2020,30/04/2020,2200000,1400000,No,No,2020,650,SHELTER,2016,336,426,415,595,595
UNHCR,NRC,DURABLE SHELTER,N/A,Protracted,Completed,RRET,Urban,In-Kind,Bari,Bossaso,N/A,31/01/2019,31/01/2020,2020,30/04/2020,2200000,1400000,Unk,Unk,2020,617,SHELTER,1200,200,228,222,380,380
UNHCR,SSWC,EMERGENCY SHELTER,N/A,Flood,Completed,NIDP,Urban,Cash,Hiraan,Belet Weyne,N/A,31/12/2019,31/03/2020,2020,30/04/2020,2200000,1400000,Unk,Unk,2020,636,SHELTER,6300,1050,945,941,2212,2212
UNHCR,SSWC,EMERGENCY SHELTER,N/A,Flood,Completed,NIDP,Urban,In-Kind,Bay,Baidoa,N/A,31/12/2019,31/01/2020,2020,30/04/2020,2200000,1400000,Unk,Unk,2020,622,SHELTER,2400,400,389,357,862,862
UNHCR,SSWC,EMERGENCY SHELTER,N/A,Flood,Completed,NIDP,Urban,In-Kind,Gedo,Baardheere,N/A,31/12/2019,31/01/2020,2020,30/04/2020,2200000,1400000,Unk,Unk,2020,629,SHELTER,3000,500,592,516,1011,1011
UNHCR,SSWC,EMERGENCY SHELTER,N/A,Flood,Completed,NIDP,Urban,In-Kind,Hiraan,Bulo Burto,N/A,31/12/2019,31/03/2020,2020,30/04/2020,2200000,1400000,Unk,Unk,2020,638,SHELTER,2100,350,359,304,778,778
UNHCR,SSWC,NFI KITS,N/A,Flood,Completed,NIDP,Urban,In-Kind,Gedo,Baardheere,N/A,31/01/2019,31/01/2020,2020,30/04/2020,2200000,1400000,Unk,Unk,2020,630,NFI,6000,1000,1185,1032,2022,2022
UNHCR,SSWC,NFI KITS,N/A,Flood,Completed,NIDP,Urban,In-Kind,Hiraan,Bulo Burto,N/A,31/12/2019,31/03/2020,2020,30/04/2020,2200000,1400000,Unk,Unk,2020,639,NFI,1800,300,308,261,667,667
UNHCR,UNHCR,EMERGENCY SHELTER,N/A,N/A,Planned,PIDP,Mixed,In-Kind,Banadir,Banadir,N/A,31/05/2020,31/07/2020,2020,30/04/2020,2200000,1400000,Unk,Unk,2020,610,SHELTER,60000,10000,10632,9973,20328,20328
UNHCR,UNHCR,EMERGENCY SHELTER,N/A,Protracted,Planned,PIDP,Urban,In-Kind,Woqooyi Galbeed,Hargeysa,N/A,31/01/2020,31/12/2020,2020,30/04/2020,2200000,1400000,Unk,Unk,2020,651,SHELTER,840,140,183,167,255,255
UNHCR,UNHCR,EMERGENCY SHELTER,Unknown,Flood,Completed,NIDP,Urban,In-Kind,Hiraan,Belet Weyne,N/A,30/11/2019,30/11/2019,2019,30/04/2020,2300000,1600000,Unk,Unk,2019,452,SHELTER,3000,500,624,605,895,895
UNHCR,UNHCR,EMERGENCY SHELTER,Unknown,Flood,Completed,NIDP,Urban,In-Kind,Hiraan,Belet Weyne,N/A,30/11/2019,31/12/2019,2019,30/04/2020,2300000,1600000,Unk,Unk,2019,451,SHELTER,636,106,132,128,190,190
UNHCR,UNHCR,NFI KITS,N/A,Conflict/Insecurity,Completed,NIDP,Mixed,In-Kind,Banadir,Banadir,N/A,31/01/2020,31/03/2020,2020,30/04/2020,2200000,1400000,Unk,Unk,2020,613,NFI,1500,250,267,248,508,508
UNHCR,UNHCR,NFI KITS,N/A,Conflict/Insecurity,Completed,NIDP,Mixed,In-Kind,Gedo,Doolow,N/A,31/01/2020,31/03/2020,2020,30/04/2020,2200000,1400000,Unk,Unk,2020,632,NFI,2250,375,450,397,745,745
UNHCR,UNHCR,NFI KITS,N/A,Conflict/Insecurity,Ongoing,NIDP,Mixed,In-Kind,Gedo,Doolow,N/A,31/01/2020,30/06/2020,2020,30/04/2020,2200000,1400000,Unk,Unk,2020,631,NFI,3750,625,749,663,1241,1241
UNHCR,UNHCR,NFI KITS,N/A,Conflict/Insecurity,Planned,PIDP,Mixed,In-Kind,Banadir,Banadir,N/A,31/01/2020,30/06/2020,2020,30/04/2020,2200000,1400000,Unk,Unk,2020,612,NFI,24000,4000,4253,3989,8131,8131
UNHCR,UNHCR,NFI KITS,N/A,N/A,Planned,PIDP,Mixed,In-Kind,Banadir,Banadir,N/A,31/05/2020,31/07/2020,2020,30/04/2020,2200000,1400000,Unk,Unk,2020,614,NFI,60000,10000,10632,9973,20328,20328
UNHCR,UNHCR,NFI KITS,N/A,Protracted,Completed,PIDP,Mixed,In-Kind,Bari,Bossaso,N/A,31/01/2020,31/03/2020,2020,30/04/2020,2200000,1400000,Unk,Unk,2020,619,NFI,1134,189,216,210,359,359
UNHCR,UNHCR,NFI KITS,N/A,Protracted,Completed,PIDP,Mixed,In-Kind,Bari,Bossaso,N/A,29/02/2020,29/02/2020,2020,30/04/2020,2200000,1400000,Unk,Unk,2020,618,NFI,1134,189,216,210,359,359
UNHCR,UNHCR,NFI KITS,N/A,Protracted,Planned,HOST,Mixed,In-Kind,Woqooyi Galbeed,Berbera,N/A,31/01/2020,30/06/2020,2020,30/04/2020,2200000,1400000,Unk,Unk,2020,649,NFI,19134,3189,4040,3939,5648,5648
UNHCR,UNHCR,NFI KITS,N/A,Protracted,Planned,NIDP,Mixed,In-Kind,Banadir,Banadir,N/A,31/01/2020,30/06/2020,2020,30/04/2020,2200000,1400000,Unk,Unk,2020,611,NFI,2400,400,425,399,813,813
UNHCR,UNHCR,NFI KITS,N/A,Return,Planned,HOST,Mixed,In-Kind,Lower Juba,Kismayo,N/A,31/01/2020,30/06/2020,2020,30/04/2020,2200000,1400000,Unk,Unk,2020,644,NFI,4752,792,876,772,1647,1647
UNHCR,UNHCR,NFI KITS,Unknown,Conflict/Insecurity,Completed,NIDP,Mixed,In-Kind,Lower Juba,Afmadow,N/A,31/12/2019,31/12/2019,2019,30/04/2020,2300000,1600000,Unk,Unk,2019,235,NFI,4680,780,974,944,1396,1396
UNHCR,UNHCR,NFI KITS,Unknown,Conflict/Insecurity,Completed,NIDP,Mixed,In-Kind,Lower Juba,Afmadow,N/A,31/12/2019,31/12/2019,2019,30/04/2020,2300000,1600000,Unk,Unk,2019,236,NFI,7014,1169,1460,1415,2091,2091
UNHCR,UNHCR,NFI KITS,Unknown,Flood,Completed,NIDP,Mixed,In-Kind,Bari,Qardho,N/A,30/11/2019,30/11/2019,2019,30/04/2020,2300000,1600000,Unk,Unk,2019,461,NFI,120,20,25,24,36,36
UNHCR,UNHCR,NFI KITS,Unknown,Flood,Completed,NIDP,Mixed,In-Kind,Bari,Qardho,N/A,30/11/2019,31/12/2019,2019,30/04/2020,2300000,1600000,Unk,Unk,2019,462,NFI,1200,200,250,242,358,358
UNHCR,UNHCR,NFI KITS,Unknown,Flood,Completed,NIDP,Urban,In-Kind,Banadir,Banadir,N/A,30/11/2019,30/11/2019,2019,30/04/2020,2300000,1600000,Unk,Unk,2019,456,NFI,900,150,187,182,268,268
UNHCR,UNHCR,NFI KITS,Unknown,Flood,Completed,NIDP,Urban,In-Kind,Banadir,Banadir,N/A,30/11/2019,31/12/2019,2019,30/04/2020,2300000,1600000,Unk,Unk,2019,457,NFI,600,100,125,121,179,179
UNHCR,UNHCR,NFI KITS,Unknown,Flood,Completed,NIDP,Urban,In-Kind,Bari,Bossaso,N/A,31/12/2019,31/12/2019,2019,30/04/2020,2300000,1600000,Unk,Unk,2019,459,NFI,7080,1180,1473,1428,2111,2111
UNHCR,UNHCR,NFI KITS,Unknown,Flood,Completed,NIDP,Urban,In-Kind,Bari,Bossaso,N/A,30/11/2019,30/11/2019,2019,30/04/2020,2300000,1600000,Unk,Unk,2019,458,NFI,2568,428,534,518,766,766
UNHCR,UNHCR,NFI KITS,Unknown,Flood,Completed,NIDP,Urban,In-Kind,Bay,Baidoa,N/A,30/11/2019,30/11/2019,2019,30/04/2020,2300000,1600000,Unk,Unk,2019,454,NFI,840,140,175,169,250,250
UNHCR,UNHCR,NFI KITS,Unknown,Flood,Completed,NIDP,Urban,In-Kind,Bay,Baidoa,N/A,30/11/2019,31/12/2019,2019,30/04/2020,2300000,1600000,Unk,Unk,2019,453,NFI,1200,200,250,242,358,358
UNHCR,UNHCR,NFI KITS,Unknown,Flood,Completed,NIDP,Urban,In-Kind,Bay,Baidoa,N/A,30/11/2019,31/12/2019,2019,30/04/2020,2300000,1600000,Unk,Unk,2019,455,NFI,1800,300,375,363,537,537
UNHCR,UNHCR,NFI KITS,Unknown,Flood,Completed,NIDP,Urban,In-Kind,Hiraan,Belet Weyne,N/A,30/11/2019,30/11/2019,2019,30/04/2020,2300000,1600000,Unk,Unk,2019,450,NFI,9162,1527,1907,1848,2732,2732
UNHCR,UNHCR,NFI KITS,Unknown,Flood,Completed,NIDP,Urban,In-Kind,Hiraan,Belet Weyne,N/A,30/11/2019,31/12/2019,2019,30/04/2020,2300000,1600000,Unk,Unk,2019,447,NFI,11628,1938,2420,2345,3467,3467
UNHCR,UNHCR,NFI KITS,Unknown,Flood,Completed,NIDP,Urban,In-Kind,Mudug,Gaalkacyo,N/A,31/05/2019,31/05/2019,2019,30/04/2020,2300000,1600000,Unk,Unk,2019,445,NFI,180,30,37,36,54,54
UNHCR,UNHCR,NFI KITS,Unknown,Flood,Completed,NIDP,Urban,In-Kind,Mudug,Gaalkacyo,N/A,30/11/2019,30/11/2019,2019,30/04/2020,2300000,1600000,Unk,Unk,2019,463,NFI,14400,2400,2997,2905,4294,4294
UNHCR,UNHCR,NFI KITS,Unknown,Flood,Completed,NIDP,Urban,In-Kind,Galgaduud,Cadaado,N/A,30/11/2019,31/12/2019,2019,30/04/2020,2300000,1600000,Unk,Unk,2019,448,NFI,1920,320,400,387,573,573
UNHCR,UNHCR,NFI KITS,Unknown,Flood,Completed,NIDP,Urban,In-Kind,Nugaal,Garoowe,N/A,30/11/2019,30/11/2019,2019,30/04/2020,2300000,1600000,Unk,Unk,2019,460,NFI,1728,288,360,349,515,515
UNHCR,UNHCR,NFI NON KITS,N/A,Conflict/Insecurity,Planned,PIDP,Mixed,In-Kind,Banadir,Banadir,N/A,31/01/2020,30/06/2020,2020,30/04/2020,2200000,1400000,Unk,Unk,2020,615,NFI,3000,500,532,499,1016,1016
UNHCR,UNHCR,NFI NON KITS,N/A,Protracted,Ongoing,PIDP,Mixed,In-Kind,Banadir,Banadir,N/A,31/01/2020,30/06/2020,2020,30/04/2020,2200000,1400000,Unk,Unk,2020,616,NFI,36000,6000,6380,5984,12197,12197
UNHCR,UNHCR,NFI NON KITS,N/A,Protracted,Planned,PIDP,Urban,In-Kind,Woqooyi Galbeed,Hargeysa,N/A,31/01/2020,31/12/2020,2020,30/04/2020,2200000,1400000,Unk,Unk,2020,652,NFI,9000,1500,1955,1803,2727,2727
UNHCR,UNHCR,TRANSITIONAL SHELTER,N/A,Protracted,Planned,RRET,Urban,In-Kind,Bay,Baidoa,N/A,31/01/2020,31/12/2020,2020,30/04/2020,2200000,1400000,Unk,Unk,2020,628,SHELTER,3168,528,513,471,1138,1138
UNHCR,INTERSOS,DURABLE SHELTER,N/A,Protracted,Planned,RRET,Urban,In-Kind,Bay,Baidoa,N/A,31/05/2020,30/09/2020,2020,30/04/2020,2200000,1400000,Unk,Unk,2020,620,SHELTER,642,107,104,95,231,231
UNHCR,WISE,NFI KITS,Unknown,Protracted,Completed,NIDP,Urban,In-Kind,Mudug,Gaalkacyo,N/A,31/10/2019,31/10/2019,2019,30/04/2020,2300000,1600000,Unk,Unk,2019,441,NFI,7800,1300,1623,1573,2326,2326
UNHCR,SWDC,EMERGENCY SHELTER,N/A,Flood,Completed,NIDP,Urban,In-Kind,Bay,Baidoa,N/A,31/12/2019,31/01/2020,2020,30/04/2020,2200000,1400000,Unk,Unk,2020,621,SHELTER,2400,400,389,357,862,862
UNHCR,SWDC,EMERGENCY SHELTER,N/A,Flood,Completed,NIDP,Urban,In-Kind,Hiraan,Jalalaqsi,N/A,31/12/2019,31/03/2020,2020,30/04/2020,2200000,1400000,Unk,Unk,2020,640,SHELTER,1800,300,307,260,667,667
UNHCR,SWDC,EMERGENCY SHELTER,N/A,Flood,Completed,NIDP,Urban,In-Kind,Lower Juba,Afmadow,N/A,31/12/2019,31/01/2020,2020,30/04/2020,2200000,1400000,Unk,Unk,2020,642,SHELTER,1800,300,323,290,625,625
UNHCR,SWDC,EMERGENCY SHELTER,N/A,Flood,Completed,NIDP,Urban,In-Kind,Middle Shabelle,Balcad,N/A,31/12/2019,31/01/2020,2020,30/04/2020,2200000,1400000,Unk,Unk,2020,647,SHELTER,1800,300,370,321,594,594
UNHCR,SWDC,NFI KITS,N/A,Flood,Completed,NIDP,Urban,In-Kind,Hiraan,Jalalaqsi,N/A,31/12/2019,31/03/2020,2020,30/04/2020,2200000,1400000,Unk,Unk,2020,641,NFI,4200,700,716,607,1557,1557
UNHCR,SWDC,NFI KITS,N/A,Flood,Completed,NIDP,Urban,In-Kind,Middle Shabelle,Balcad,N/A,31/12/2019,31/01/2020,2020,30/04/2020,2200000,1400000,Unk,Unk,2020,648,NFI,12000,2000,2469,2142,3957,3957
UNHCR,SWDC,NFI NON KITS,N/A,Flood,Completed,NIDP,Urban,In-Kind,Lower Juba,Afmadow,N/A,31/12/2019,31/01/2020,2020,30/04/2020,2200000,1400000,Unk,Unk,2020,643,NFI,3000,500,539,484,1042,1042
UNHCR,AVORD/DRC,EMERGENCY SHELTER,N/A,N/A,Ongoing,PIDP,Mixed,Cash,Bay,Baidoa,N/A,31/05/2020,31/07/2020,2020,30/04/2020,2200000,1400000,Unk,Unk,2020,623,SHELTER,4200,700,680,625,1509,1509
UNHCR,AVORD/DRC,NFI KITS,N/A,N/A,Ongoing,PIDP,Mixed,Cash,Gedo,Doolow,N/A,31/05/2020,31/07/2020,2020,30/04/2020,2200000,1400000,Unk,Unk,2020,634,NFI,6000,1000,1300,3200,500,500
UNHCR,INTERSOS/ AVORD,PERMANENT SHELTER,N/A,Return,Ongoing,RRET,Urban,In-Kind,Bay,Baidoa,N/A,31/01/2020,31/12/2020,2020,30/04/2020,2200000,1400000,Unk,Unk,2020,627,SHELTER,1200,200,195,178,431,431
UNHCR,PSA,NFI KITS,N/A,Flood,Ongoing,NIDP,Mixed,In-Kind,Bari,Qardho,N/A,31/05/2020,31/05/2020,2020,30/04/2020,2200000,1400000,Unk,Unk,2020,653,NFI,5520,920,1016,899,1913,1913
CWW,CWW,NFI KITS,DFID,Drought,Completed,HOST,Urban,In-Kind,Bay,Baidoa,N/A,30/06/2019,31/10/2019,2019,30/04/2020,2300000,1600000,Unk,Unk,2019,348,NFI,822,137,41,96,274,274
CWW,CWW,NFI KITS,DFID,Drought,Completed,HOST,Urban,In-Kind,Bay,Baidoa,N/A,30/06/2019,31/10/2019,2019,30/04/2020,2300000,1600000,Unk,Unk,2019,349,NFI,864,144,43,101,288,288
CWW,CWW,NFI KITS,DFID,Drought,Completed,PIDP,Urban,In-Kind,Bay,Baidoa,N/A,30/06/2019,31/10/2019,2019,30/04/2020,2300000,1600000,Unk,Unk,2019,292,NFI,504,84,25,59,168,168
CWW,CWW,NFI KITS,DFID,Drought,Completed,PIDP,Urban,In-Kind,Bay,Baidoa,N/A,30/06/2019,31/10/2019,2019,30/04/2020,2300000,1600000,Unk,Unk,2019,293,NFI,432,72,22,50,144,144
CWW,CWW,NFI KITS,DFID,Drought,Completed,PIDP,Urban,In-Kind,Bay,Baidoa,N/A,30/06/2019,31/10/2019,2019,30/04/2020,2300000,1600000,Unk,Unk,2019,294,NFI,414,69,21,48,138,138
CWW,CWW,NFI KITS,DFID,Drought,Completed,PIDP,Urban,In-Kind,Bay,Baidoa,N/A,30/06/2019,31/10/2019,2019,30/04/2020,2300000,1600000,Unk,Unk,2019,295,NFI,408,68,20,48,136,136
CWW,CWW,NFI KITS,DFID,Drought,Completed,PIDP,Urban,In-Kind,Bay,Baidoa,N/A,30/06/2019,31/10/2019,2019,30/04/2020,2300000,1600000,Unk,Unk,2019,296,NFI,342,57,17,40,114,114
CWW,CWW,NFI KITS,DFID,Drought,Completed,PIDP,Urban,In-Kind,Bay,Baidoa,N/A,30/06/2019,31/10/2019,2019,30/04/2020,2300000,1600000,Unk,Unk,2019,297,NFI,630,105,32,73,210,210
CWW,CWW,NFI KITS,DFID,Drought,Completed,PIDP,Urban,In-Kind,Bay,Baidoa,N/A,30/06/2019,31/10/2019,2019,30/04/2020,2300000,1600000,Unk,Unk,2019,298,NFI,300,50,15,35,100,100
CWW,CWW,NFI KITS,DFID,Drought,Completed,PIDP,Urban,In-Kind,Bay,Baidoa,N/A,30/06/2019,31/10/2019,2019,30/04/2020,2300000,1600000,Unk,Unk,2019,299,NFI,240,40,12,28,80,80
CWW,CWW,NFI KITS,DFID,Drought,Completed,PIDP,Urban,In-Kind,Bay,Baidoa,N/A,30/06/2019,31/10/2019,2019,30/04/2020,2300000,1600000,Unk,Unk,2019,300,NFI,558,93,28,65,186,186
CWW,CWW,NFI KITS,DFID,Drought,Completed,PIDP,Urban,In-Kind,Bay,Baidoa,N/A,30/06/2019,31/10/2019,2019,30/04/2020,2300000,1600000,Unk,Unk,2019,301,NFI,264,44,13,31,88,88
CWW,CWW,NFI KITS,DFID,Drought,Completed,PIDP,Urban,In-Kind,Bay,Baidoa,N/A,30/06/2019,31/10/2019,2019,30/04/2020,2300000,1600000,Unk,Unk,2019,302,NFI,420,70,21,49,140,140
CWW,CWW,NFI KITS,DFID,Drought,Completed,PIDP,Urban,In-Kind,Bay,Baidoa,N/A,30/06/2019,31/10/2019,2019,30/04/2020,2300000,1600000,Unk,Unk,2019,303,NFI,246,41,12,29,82,82
CWW,CWW,NFI KITS,DFID,Drought,Completed,PIDP,Urban,In-Kind,Bay,Baidoa,N/A,30/06/2019,31/10/2019,2019,30/04/2020,2300000,1600000,Unk,Unk,2019,304,NFI,534,89,27,62,178,178
CWW,CWW,NFI KITS,DFID,Drought,Completed,PIDP,Urban,In-Kind,Bay,Baidoa,N/A,30/06/2019,31/10/2019,2019,30/04/2020,2300000,1600000,Unk,Unk,2019,305,NFI,180,30,9,21,60,60
CWW,CWW,NFI KITS,DFID,Drought,Completed,PIDP,Urban,In-Kind,Bay,Baidoa,N/A,30/06/2019,31/10/2019,2019,30/04/2020,2300000,1600000,Unk,Unk,2019,306,NFI,420,70,21,49,140,140
CWW,CWW,NFI KITS,DFID,Drought,Completed,PIDP,Urban,In-Kind,Bay,Baidoa,N/A,30/06/2019,31/10/2019,2019,30/04/2020,2300000,1600000,Unk,Unk,2019,307,NFI,258,43,13,30,86,86
CWW,CWW,NFI KITS,DFID,Drought,Completed,PIDP,Urban,In-Kind,Bay,Baidoa,N/A,30/06/2019,31/10/2019,2019,30/04/2020,2300000,1600000,Unk,Unk,2019,308,NFI,300,50,15,35,100,100
CWW,CWW,NFI KITS,DFID,Drought,Completed,PIDP,Urban,In-Kind,Bay,Baidoa,N/A,30/06/2019,31/10/2019,2019,30/04/2020,2300000,1600000,Unk,Unk,2019,309,NFI,300,50,15,35,100,100
CWW,CWW,NFI KITS,DFID,Drought,Completed,PIDP,Urban,In-Kind,Bay,Baidoa,N/A,30/06/2019,31/10/2019,2019,30/04/2020,2300000,1600000,Unk,Unk,2019,310,NFI,300,50,15,35,100,100
CWW,CWW,NFI KITS,DFID,Drought,Completed,PIDP,Urban,In-Kind,Bay,Baidoa,N/A,30/06/2019,31/10/2019,2019,30/04/2020,2300000,1600000,Unk,Unk,2019,311,NFI,300,50,15,35,100,100
CWW,CWW,NFI KITS,DFID,Drought,Completed,PIDP,Urban,In-Kind,Bay,Baidoa,N/A,30/06/2019,31/10/2019,2019,30/04/2020,2300000,1600000,Unk,Unk,2019,312,NFI,420,70,21,49,140,140
CWW,CWW,NFI KITS,DFID,Drought,Completed,PIDP,Urban,In-Kind,Bay,Baidoa,N/A,30/06/2019,31/10/2019,2019,30/04/2020,2300000,1600000,Unk,Unk,2019,313,NFI,420,70,21,49,140,140
CWW,CWW,NFI KITS,DFID,Drought,Completed,PIDP,Urban,In-Kind,Bay,Baidoa,N/A,30/06/2019,31/10/2019,2019,30/04/2020,2300000,1600000,Unk,Unk,2019,314,NFI,360,60,18,42,120,120
CWW,CWW,NFI KITS,DFID,Drought,Completed,PIDP,Urban,In-Kind,Bay,Baidoa,N/A,30/06/2019,31/10/2019,2019,30/04/2020,2300000,1600000,Unk,Unk,2019,315,NFI,366,61,18,43,122,122
CWW,CWW,NFI KITS,DFID,Drought,Completed,PIDP,Urban,In-Kind,Bay,Baidoa,N/A,30/06/2019,31/10/2019,2019,30/04/2020,2300000,1600000,Unk,Unk,2019,316,NFI,330,55,17,38,110,110
CWW,CWW,NFI KITS,DFID,Drought,Completed,PIDP,Urban,In-Kind,Bay,Baidoa,N/A,30/06/2019,31/10/2019,2019,30/04/2020,2300000,1600000,Unk,Unk,2019,317,NFI,480,80,24,56,160,160
CWW,CWW,NFI KITS,DFID,Drought,Completed,PIDP,Urban,In-Kind,Bay,Baidoa,N/A,30/06/2019,31/10/2019,2019,30/04/2020,2300000,1600000,Unk,Unk,2019,318,NFI,390,65,20,45,130,130
CWW,CWW,NFI KITS,DFID,Drought,Completed,PIDP,Urban,In-Kind,Bay,Baidoa,N/A,30/06/2019,31/10/2019,2019,30/04/2020,2300000,1600000,Unk,Unk,2019,319,NFI,330,55,17,38,110,110
CWW,CWW,NFI KITS,DFID,Drought,Completed,PIDP,Urban,In-Kind,Bay,Baidoa,N/A,30/06/2019,31/10/2019,2019,30/04/2020,2300000,1600000,Unk,Unk,2019,320,NFI,438,73,22,51,146,146
CWW,CWW,NFI KITS,DFID,Drought,Completed,PIDP,Urban,In-Kind,Bay,Baidoa,N/A,30/06/2019,31/10/2019,2019,30/04/2020,2300000,1600000,Unk,Unk,2019,321,NFI,384,64,19,45,128,128
CWW,CWW,NFI KITS,DFID,Drought,Completed,PIDP,Urban,In-Kind,Bay,Baidoa,N/A,30/06/2019,31/10/2019,2019,30/04/2020,2300000,1600000,Unk,Unk,2019,322,NFI,222,37,11,26,74,74
CWW,CWW,NFI KITS,DFID,Drought,Completed,PIDP,Urban,In-Kind,Bay,Baidoa,N/A,30/06/2019,31/10/2019,2019,30/04/2020,2300000,1600000,Unk,Unk,2019,323,NFI,564,94,28,66,188,188
CWW,CWW,NFI KITS,DFID,Drought,Completed,PIDP,Urban,In-Kind,Bay,Baidoa,N/A,30/06/2019,31/10/2019,2019,30/04/2020,2300000,1600000,Unk,Unk,2019,324,NFI,414,69,21,48,138,138
CWW,CWW,NFI KITS,DFID,Drought,Completed,PIDP,Urban,In-Kind,Bay,Baidoa,N/A,30/06/2019,31/10/2019,2019,30/04/2020,2300000,1600000,Unk,Unk,2019,325,NFI,600,100,30,70,200,200
CWW,CWW,NFI KITS,DFID,Drought,Completed,PIDP,Urban,In-Kind,Bay,Baidoa,N/A,30/06/2019,31/10/2019,2019,30/04/2020,2300000,1600000,Unk,Unk,2019,326,NFI,600,100,30,70,200,200
CWW,CWW,NFI KITS,DFID,Drought,Completed,PIDP,Urban,In-Kind,Bay,Baidoa,N/A,30/06/2019,31/10/2019,2019,30/04/2020,2300000,1600000,Unk,Unk,2019,327,NFI,222,37,11,26,74,74
CWW,CWW,NFI KITS,DFID,Drought,Completed,PIDP,Urban,In-Kind,Bay,Baidoa,N/A,30/06/2019,31/10/2019,2019,30/04/2020,2300000,1600000,Unk,Unk,2019,328,NFI,306,51,15,36,102,102
CWW,CWW,NFI KITS,DFID,Drought,Completed,PIDP,Urban,In-Kind,Bay,Baidoa,N/A,30/06/2019,31/10/2019,2019,30/04/2020,2300000,1600000,Unk,Unk,2019,329,NFI,720,120,36,84,240,240
CWW,CWW,NFI KITS,DFID,Drought,Completed,PIDP,Urban,In-Kind,Bay,Baidoa,N/A,30/06/2019,31/10/2019,2019,30/04/2020,2300000,1600000,Unk,Unk,2019,330,NFI,300,50,15,35,100,100
CWW,CWW,NFI KITS,DFID,Drought,Completed,PIDP,Urban,In-Kind,Bay,Baidoa,N/A,30/06/2019,31/10/2019,2019,30/04/2020,2300000,1600000,Unk,Unk,2019,331,NFI,300,50,15,35,100,100
CWW,CWW,NFI KITS,DFID,Drought,Completed,PIDP,Urban,In-Kind,Bay,Baidoa,N/A,30/06/2019,31/10/2019,2019,30/04/2020,2300000,1600000,Unk,Unk,2019,332,NFI,360,60,18,42,120,120
CWW,CWW,NFI KITS,DFID,Drought,Completed,PIDP,Urban,In-Kind,Bay,Baidoa,N/A,30/06/2019,31/10/2019,2019,30/04/2020,2300000,1600000,Unk,Unk,2019,333,NFI,432,72,22,50,144,144
CWW,CWW,NFI KITS,DFID,Drought,Completed,PIDP,Urban,In-Kind,Bay,Baidoa,N/A,30/06/2019,31/10/2019,2019,30/04/2020,2300000,1600000,Unk,Unk,2019,334,NFI,438,73,22,51,146,146
CWW,CWW,NFI KITS,DFID,Drought,Completed,PIDP,Urban,In-Kind,Bay,Baidoa,N/A,30/06/2019,31/10/2019,2019,30/04/2020,2300000,1600000,Unk,Unk,2019,335,NFI,300,50,15,35,100,100
CWW,CWW,NFI KITS,DFID,Drought,Completed,PIDP,Urban,In-Kind,Bay,Baidoa,N/A,30/06/2019,31/10/2019,2019,30/04/2020,2300000,1600000,Unk,Unk,2019,336,NFI,210,35,11,24,70,70
CWW,CWW,NFI KITS,DFID,Drought,Completed,PIDP,Urban,In-Kind,Bay,Baidoa,N/A,30/06/2019,31/10/2019,2019,30/04/2020,2300000,1600000,Unk,Unk,2019,337,NFI,138,23,7,16,46,46
CWW,CWW,NFI KITS,DFID,Drought,Completed,PIDP,Urban,In-Kind,Bay,Baidoa,N/A,30/06/2019,31/10/2019,2019,30/04/2020,2300000,1600000,Unk,Unk,2019,338,NFI,210,35,11,24,70,70
CWW,CWW,NFI KITS,DFID,Drought,Completed,PIDP,Urban,In-Kind,Bay,Baidoa,N/A,30/06/2019,31/10/2019,2019,30/04/2020,2300000,1600000,Unk,Unk,2019,339,NFI,462,77,23,54,154,154
CWW,CWW,NFI KITS,DFID,Drought,Completed,PIDP,Urban,In-Kind,Bay,Baidoa,N/A,30/06/2019,31/10/2019,2019,30/04/2020,2300000,1600000,Unk,Unk,2019,340,NFI,210,35,11,24,70,70
CWW,CWW,NFI KITS,DFID,Drought,Completed,PIDP,Urban,In-Kind,Bay,Baidoa,N/A,30/06/2019,31/10/2019,2019,30/04/2020,2300000,1600000,Unk,Unk,2019,341,NFI,372,62,19,43,124,124
CWW,CWW,NFI KITS,DFID,Drought,Completed,PIDP,Urban,In-Kind,Bay,Baidoa,N/A,30/06/2019,31/10/2019,2019,30/04/2020,2300000,1600000,Unk,Unk,2019,342,NFI,516,86,26,60,172,172
CWW,CWW,NFI KITS,DFID,Drought,Completed,PIDP,Urban,In-Kind,Bay,Baidoa,N/A,30/06/2019,31/10/2019,2019,30/04/2020,2300000,1600000,Unk,Unk,2019,343,NFI,180,30,9,21,60,60
CWW,CWW,NFI KITS,DFID,Drought,Completed,PIDP,Urban,In-Kind,Bay,Baidoa,N/A,30/06/2019,31/10/2019,2019,30/04/2020,2300000,1600000,Unk,Unk,2019,344,NFI,300,50,15,35,100,100
CWW,CWW,NFI KITS,DFID,Drought,Completed,PIDP,Urban,In-Kind,Bay,Baidoa,N/A,30/06/2019,31/10/2019,2019,30/04/2020,2300000,1600000,Unk,Unk,2019,345,NFI,534,89,27,62,178,178
CWW,CWW,NFI KITS,DFID,Drought,Completed,RRET,Urban,In-Kind,Bay,Baidoa,N/A,30/06/2019,31/10/2019,2019,30/04/2020,2300000,1600000,Unk,Unk,2019,346,NFI,1170,195,59,136,390,390
CWW,CWW,NFI KITS,DFID,Drought,Completed,RRET,Urban,In-Kind,Bay,Baidoa,N/A,30/06/2019,31/10/2019,2019,30/04/2020,2300000,1600000,Unk,Unk,2019,347,NFI,966,161,201,195,288,288
CWW,CWW,NFI KITS,Irish Aid/DFID,Flood,Completed,NIDP,Urban,In-Kind,Gedo,Baardheere,N/A,30/11/2019,30/11/2019,2019,30/04/2020,2300000,1600000,Unk,Unk,2019,350,NFI,12000,2000,2497,2421,3578,3578
CWW,CWW,NFI KITS,Irish Aid/DFID,Flood,Planned,NIDP,Urban,In-Kind,Gedo,Baardheere,N/A,30/11/2019,30/04/2020,2020,30/04/2020,2200000,1400000,Unk,Unk,2020,588,NFI,20400,3400,4028,3510,6873,6873
DKH,SYPD,NFI KITS,ACT Alliance,Flood,Completed,NIDP,Urban,Cash,Hiraan,Belet Weyne,N/A,30/11/2019,30/11/2019,2019,30/04/2020,2300000,1600000,Unk,Unk,2019,354,NFI,6000,1000,1249,1210,1789,1789
HINNA,HINNA,NFI KITS,Local donor,Flood,Planned,NIDP,Urban,In-Kind,Hiraan,Belet Weyne,N/A,30/11/2019,30/04/2020,2020,30/04/2020,2200000,1400000,Unk,Unk,2020,593,NFI,3600,600,540,538,1264,1264
WRRS,WRRS,EMERGENCY SHELTER,SHF,Flood,Completed,HOST,Rural,In-Kind,Bay,Baidoa,Bula Cadey,31/12/2019,30/04/2020,2020,30/04/2020,2200000,1400000,No,No,2020,692,SHELTER,103,17,17,15,37,37
WRRS,WRRS,EMERGENCY SHELTER,SHF,Flood,Completed,HOST,Rural,In-Kind,Bay,Baidoa,Al Rahman,31/12/2019,30/04/2020,2020,30/04/2020,2200000,1400000,No,No,2020,656,SHELTER,229,41,37,34,82,82
WRRS,WRRS,EMERGENCY SHELTER,SHF,Flood,Completed,HOST,Rural,In-Kind,Bay,Baidoa,Banow,31/12/2019,30/04/2020,2020,30/04/2020,2200000,1400000,No,No,2020,658,SHELTER,244,47,40,36,88,88
WRRS,WRRS,EMERGENCY SHELTER,SHF,Flood,Completed,NIDP,Rural,In-Kind,Bay,Baidoa,Agli Iyo Awdheere,31/12/2019,30/04/2020,2020,30/04/2020,2200000,1400000,No,No,2020,664,SHELTER,171,25,28,26,61,61
WRRS,WRRS,EMERGENCY SHELTER,SHF,Flood,Completed,NIDP,Rural,In-Kind,Bay,Baidoa,Dondherow,31/12/2019,30/04/2020,2020,30/04/2020,2200000,1400000,No,No,2020,667,SHELTER,175,26,28,26,63,63
WRRS,WRRS,EMERGENCY SHELTER,SHF,Flood,Completed,NIDP,Rural,In-Kind,Bay,Baidoa,Duwi Gaas,31/12/2019,30/04/2020,2020,30/04/2020,2200000,1400000,No,No,2020,669,SHELTER,176,30,29,26,63,63
WRRS,WRRS,EMERGENCY SHELTER,SHF,Flood,Completed,NIDP,Rural,In-Kind,Bay,Baidoa,Ceel Gedow,31/12/2019,30/04/2020,2020,30/04/2020,2200000,1400000,No,No,2020,659,SHELTER,229,31,37,34,82,82
WRRS,WRRS,EMERGENCY SHELTER,SHF,Flood,Completed,NIDP,Rural,In-Kind,Bay,Baidoa,Balanbaasha,31/12/2019,30/04/2020,2020,30/04/2020,2200000,1400000,No,No,2020,657,SHELTER,200,34,32,30,72,72
WRRS,WRRS,EMERGENCY SHELTER,SHF,Flood,Completed,NIDP,Rural,In-Kind,Bay,Baidoa,Kurtun,31/12/2019,30/04/2020,2020,30/04/2020,2200000,1400000,No,No,2020,698,SHELTER,247,35,40,37,89,89
WRRS,WRRS,EMERGENCY SHELTER,SHF,Flood,Completed,NIDP,Rural,In-Kind,Bay,Baidoa,Bari & Konfur Galbeed,31/12/2019,30/04/2020,2020,30/04/2020,2200000,1400000,No,No,2020,688,SHELTER,261,36,42,39,94,94
WRRS,WRRS,EMERGENCY SHELTER,SHF,Flood,Completed,NIDP,Rural,In-Kind,Bay,Baidoa,Beraale Bay,31/12/2019,30/04/2020,2020,30/04/2020,2200000,1400000,No,No,2020,665,SHELTER,215,37,35,32,77,77
WRRS,WRRS,EMERGENCY SHELTER,SHF,Flood,Completed,NIDP,Rural,In-Kind,Bay,Baidoa,Doori Weeri,31/12/2019,30/04/2020,2020,30/04/2020,2200000,1400000,No,No,2020,668,SHELTER,234,37,38,35,84,84
WRRS,WRRS,EMERGENCY SHELTER,SHF,Flood,Completed,NIDP,Rural,In-Kind,Bay,Baidoa,Afuuq Mirow,31/12/2019,30/04/2020,2020,30/04/2020,2200000,1400000,No,No,2020,655,SHELTER,281,38,46,41,101,101
WRRS,WRRS,EMERGENCY SHELTER,SHF,Flood,Completed,NIDP,Rural,In-Kind,Bay,Baidoa,Hurubka 1,31/12/2019,30/04/2020,2020,30/04/2020,2200000,1400000,No,No,2020,671,SHELTER,273,38,44,41,98,98
WRRS,WRRS,EMERGENCY SHELTER,SHF,Flood,Completed,NIDP,Rural,In-Kind,Bay,Baidoa,Lowilskirogow 1,31/12/2019,30/04/2020,2020,30/04/2020,2200000,1400000,No,No,2020,699,SHELTER,280,38,45,42,101,101
WRRS,WRRS,EMERGENCY SHELTER,SHF,Flood,Completed,NIDP,Rural,In-Kind,Bay,Baidoa,TugaarHoose,31/12/2019,30/04/2020,2020,30/04/2020,2200000,1400000,No,No,2020,663,SHELTER,227,39,37,33,82,82
WRRS,WRRS,EMERGENCY SHELTER,SHF,Flood,Completed,NIDP,Rural,In-Kind,Bay,Baidoa,Lowilskirogow 2,31/12/2019,30/04/2020,2020,30/04/2020,2200000,1400000,No,No,2020,674,SHELTER,305,40,49,45,110,110
WRRS,WRRS,EMERGENCY SHELTER,SHF,Flood,Completed,NIDP,Rural,In-Kind,Bay,Baidoa,Sarman Dheer,31/12/2019,30/04/2020,2020,30/04/2020,2200000,1400000,No,No,2020,673,SHELTER,180,41,29,27,65,65
WRRS,WRRS,EMERGENCY SHELTER,SHF,Flood,Completed,NIDP,Rural,In-Kind,Bay,Baidoa,Goob Roon,31/12/2019,30/04/2020,2020,30/04/2020,2200000,1400000,No,No,2020,660,SHELTER,314,45,51,46,113,113
WRRS,WRRS,EMERGENCY SHELTER,SHF,Flood,Completed,NIDP,Rural,In-Kind,Bay,Baidoa,Haran Mandhere,31/12/2019,30/04/2020,2020,30/04/2020,2200000,1400000,No,No,2020,670,SHELTER,321,46,52,48,115,115
WRRS,WRRS,EMERGENCY SHELTER,SHF,Flood,Completed,NIDP,Rural,In-Kind,Bay,Baidoa,Beden Bedaay,31/12/2019,30/04/2020,2020,30/04/2020,2200000,1400000,No,No,2020,691,SHELTER,322,48,52,48,116,116
WRRS,WRRS,EMERGENCY SHELTER,SHF,Flood,Completed,NIDP,Rural,In-Kind,Bay,Baidoa,GalowGaab,31/12/2019,30/04/2020,2020,30/04/2020,2200000,1400000,No,No,2020,695,SHELTER,322,48,52,48,116,116
WRRS,WRRS,EMERGENCY SHELTER,SHF,Flood,Completed,NIDP,Rural,In-Kind,Bay,Baidoa,Koban Dhere 2,31/12/2019,30/04/2020,2020,30/04/2020,2200000,1400000,No,No,2020,661,SHELTER,437,62,71,65,157,157
WRRS,WRRS,EMERGENCY SHELTER,SHF,Flood,Completed,NIDP,Rural,In-Kind,Bay,Baidoa,Diini iyo Doon,31/12/2019,30/04/2020,2020,30/04/2020,2200000,1400000,No,No,2020,666,SHELTER,453,71,73,68,163,163
WRRS,WRRS,EMERGENCY SHELTER,SHF,Flood,Completed,NIDP,Rural,In-Kind,Bay,Baidoa,Raama Cadey,31/12/2019,30/04/2020,2020,30/04/2020,2200000,1400000,No,No,2020,662,SHELTER,447,72,72,67,161,161
WRRS,WRRS,EMERGENCY SHELTER,SHF,Flood,Completed,NIDP,Rural,In-Kind,Bay,Baidoa,Daudow,31/12/2019,30/04/2020,2020,30/04/2020,2200000,1400000,No,No,2020,693,SHELTER,586,78,95,87,211,211
WRRS,WRRS,EMERGENCY SHELTER,SHF,Flood,Completed,NIDP,Rural,In-Kind,Bay,Baidoa,Barwaqo,31/12/2019,30/04/2020,2020,30/04/2020,2200000,1400000,No,No,2020,689,SHELTER,327,55,53,48,118,118
WRRS,WRRS,EMERGENCY SHELTER,SHF,Flood,Completed,NIDP,Urban,In-Kind,Bay,Baidoa,Bay Gadud,31/12/2019,30/04/2020,2020,30/04/2020,2200000,1400000,Unk,Unk,2020,676,SHELTER,354,57,57,53,127,127
WRRS,WRRS,EMERGENCY SHELTER,SHF,Flood,Completed,NIDP,Urban,In-Kind,Bay,Baidoa,Galolki,31/12/2019,30/04/2020,2020,30/04/2020,2200000,1400000,Unk,Unk,2020,679,SHELTER,437,75,71,65,157,157
WRRS,WRRS,EMERGENCY SHELTER,SHF,Flood,Completed,NIDP,Urban,In-Kind,Bay,Baidoa,Eeyle,31/12/2019,30/04/2020,2020,30/04/2020,2200000,1400000,Unk,Unk,2020,682,SHELTER,407,55,66,61,146,146
WRRS,WRRS,EMERGENCY SHELTER,SHF,Flood,Completed,NIDP,Urban,In-Kind,Bay,Baidoa,Sinan,31/12/2019,30/04/2020,2020,30/04/2020,2200000,1400000,Unk,Unk,2020,684,SHELTER,343,60,56,51,123,123
WRRS,WRRS,EMERGENCY SHELTER,SHF,Flood,Planned,NIDP,Rural,In-Kind,Bay,Baidoa,Jakatoon,30/06/2020,31/05/2021,2021,30/04/2020,2200000,1400000,Unk,Unk,2020,686,SHELTER,3000,500,750,1000,625,625
WRRS,WRRS,NFI KITS,SHF,Flood,Completed,NIDP,Rural,In-Kind,Bay,Baidoa,Mahad Alle 2,31/12/2019,30/04/2020,2020,30/04/2020,2200000,1400000,No,No,2020,672,NFI,219,36,35,33,79,79
WRRS,WRRS,NFI KITS,SHF,Flood,Completed,NIDP,Rural,In-Kind,Bay,Baidoa,Tawakal 3 Diinsor,31/12/2019,30/04/2020,2020,30/04/2020,2200000,1400000,No,No,2020,675,NFI,255,40,41,38,92,92
WRRS,WRRS,NFI KITS,SHF,Flood,Completed,NIDP,Rural,In-Kind,Bay,Baidoa,Sagam,31/12/2019,30/04/2020,2020,30/04/2020,2200000,1400000,No,No,2020,702,NFI,272,42,44,40,98,98
WRRS,WRRS,NFI KITS,SHF,Flood,Completed,NIDP,Rural,In-Kind,Bay,Baidoa,Hereeri Jiif,31/12/2019,30/04/2020,2020,30/04/2020,2200000,1400000,No,No,2020,696,NFI,283,44,46,42,102,102
WRRS,WRRS,NFI KITS,SHF,Flood,Completed,NIDP,Rural,In-Kind,Bay,Baidoa,Mubarak,31/12/2019,30/04/2020,2020,30/04/2020,2200000,1400000,No,No,2020,700,NFI,316,47,51,47,114,114
WRRS,WRRS,NFI KITS,SHF,Flood,Completed,NIDP,Rural,In-Kind,Bay,Baidoa,Galgal Onle 2,31/12/2019,30/04/2020,2020,30/04/2020,2200000,1400000,No,No,2020,694,NFI,406,61,66,60,146,146
WRRS,WRRS,NFI KITS,SHF,Flood,Completed,NIDP,Rural,In-Kind,Bay,Baidoa,Raydab Qondhoole,31/12/2019,30/04/2020,2020,30/04/2020,2200000,1400000,No,No,2020,701,NFI,405,60,66,59,146,146
WRRS,WRRS,NFI KITS,SHF,Flood,Completed,NIDP,Rural,In-Kind,Bay,Baidoa,Aboore,31/12/2019,30/04/2020,2020,30/04/2020,2200000,1400000,No,No,2020,654,NFI,427,66,69,64,153,153
WRRS,WRRS,NFI KITS,SHF,Flood,Completed,NIDP,Rural,In-Kind,Bay,Baidoa,Iri Roog,31/12/2019,30/04/2020,2020,30/04/2020,2200000,1400000,No,No,2020,697,NFI,460,66,76,67,165,165
WRRS,WRRS,NFI KITS,SHF,Flood,Completed,NIDP,Rural,In-Kind,Bay,Baidoa,Barwaqo,31/12/2019,30/04/2020,2020,30/04/2020,2200000,1400000,No,No,2020,690,NFI,850,125,138,127,305,305
WRRS,WRRS,NFI KITS,SHF,Flood,Completed,NIDP,Urban,In-Kind,Bay,Baidoa,Bay Gadud,31/12/2019,30/04/2020,2020,30/04/2020,2200000,1400000,Unk,Unk,2020,677,NFI,807,115,131,120,290,290
WRRS,WRRS,NFI KITS,SHF,Flood,Completed,NIDP,Urban,In-Kind,Bay,Baidoa,Tosilow,31/12/2019,30/04/2020,2020,30/04/2020,2200000,1400000,Unk,Unk,2020,678,NFI,1011,156,165,149,363,363
WRRS,WRRS,NFI KITS,SHF,Flood,Completed,NIDP,Urban,In-Kind,Bay,Baidoa,Galolki,31/12/2019,30/04/2020,2020,30/04/2020,2200000,1400000,Unk,Unk,2020,680,NFI,1380,200,224,205,496,496
WRRS,WRRS,NFI KITS,SHF,Flood,Completed,NIDP,Urban,In-Kind,Bay,Baidoa,Rardawe,31/12/2019,30/04/2020,2020,30/04/2020,2200000,1400000,Unk,Unk,2020,681,NFI,705,109,114,105,253,253
WRRS,WRRS,NFI KITS,SHF,Flood,Completed,NIDP,Urban,In-Kind,Bay,Baidoa,Eeyle,31/12/2019,30/04/2020,2020,30/04/2020,2200000,1400000,Unk,Unk,2020,683,NFI,690,100,112,102,248,248
WRRS,WRRS,NFI KITS,SHF,Flood,Completed,NIDP,Urban,In-Kind,Bay,Baidoa,Sinan,31/12/2019,30/04/2020,2020,30/04/2020,2200000,1400000,Unk,Unk,2020,685,NFI,1356,195,220,202,487,487
WRRS,WRRS,NFI KITS,SHF,Flood,Planned,NIDP,Rural,In-Kind,Bay,Baidoa,Jakatoon,30/06/2020,31/05/2021,2021,30/04/2020,2200000,1400000,Unk,Unk,2020,687,NFI,6600,1100,1900,2300,1150,1150
